{
  "always_perf_clean": {
    "mean_return": 7185.293478018155,
    "std_return": 273.7640878738716,
    "mean_allow_perf": 1.0,
    "n_fell": 0,
    "fall_rate": 0.0,
    "mean_attacked_steps": 0.0,
    "returns": [
      7069.075088797223,
      7283.543643389074,
      7183.09251790627,
      7216.642034786903,
      7182.828664324024,
      7248.344306080648,
      7452.10207767085,
      7230.480080188059,
      7214.392121047674,
      7266.930039607315,
      7251.847193045868,
      7284.701458246662,
      7270.930018304258,
      5784.106894483039,
      7089.612120027522,
      7305.555346933801,
      7164.133076496575,
      7322.163728615319,
      7314.701450741389,
      7328.350230374168,
      7074.379675141264,
      7205.857687779715,
      7216.404569567867,
      7276.553028540904,
      7264.498813900485,
      7269.122239111294,
      7361.556930856647,
      7161.788991221593,
      7100.544807715941,
      7164.565505642293
    ]
  },
  "always_perf_attacked": {
    "mean_return": 7050.197762543708,
    "std_return": 211.75793391547103,
    "mean_allow_perf": 1.0,
    "n_fell": 0,
    "fall_rate": 0.0,
    "mean_attacked_steps": 103.76666666666667,
    "returns": [
      6825.373095618108,
      7249.240238904557,
      6851.42885293884,
      6880.695930469692,
      7248.55614695015,
      7269.012682967487,
      7201.95078368413,
      7007.062848019987,
      7200.563896288557,
      7166.780982148111,
      7095.145784512127,
      7125.114050442464,
      7081.853649217805,
      7091.862282327887,
      6982.052933810872,
      7193.573297160479,
      6988.346091497162,
      7189.647308427095,
      7080.072627377193,
      6759.520258755619,
      7185.924773341225,
      7067.716725098603,
      7107.50706004215,
      6437.052229958347,
      7108.788231147151,
      6443.283320879183,
      6943.032525395955,
      7195.778776548296,
      7268.169111478856,
      7260.826380903134
    ]
  },
  "always_backup_clean": {
    "mean_return": 5633.19552820882,
    "std_return": 40.001642034590446,
    "mean_allow_perf": 0.0,
    "n_fell": 0,
    "fall_rate": 0.0,
    "mean_attacked_steps": 0.0,
    "returns": [
      5615.577501134516,
      5664.370967864234,
      5610.772074091576,
      5632.103935520096,
      5568.705071891335,
      5680.272923507448,
      5653.944551609538,
      5596.970116822509,
      5643.4774805966435,
      5700.09605932892,
      5688.442739559076,
      5640.828901411584,
      5651.898792386521,
      5576.707711402065,
      5672.489079033652,
      5608.136371453422,
      5610.385500872716,
      5608.6103352412965,
      5639.079866819502,
      5712.103383930846,
      5658.463389382825,
      5580.186063352807,
      5695.163879805737,
      5621.025962536613,
      5572.800354409002,
      5627.437769759999,
      5569.063126432312,
      5615.576262402651,
      5669.389818262271,
      5611.785855442936
    ]
  },
  "always_backup_attacked": {
    "mean_return": 5637.054823630806,
    "std_return": 44.70200169433705,
    "mean_allow_perf": 0.0,
    "n_fell": 0,
    "fall_rate": 0.0,
    "mean_attacked_steps": 103.76666666666667,
    "returns": [
      5604.954473581176,
      5709.147147404083,
      5585.450972475829,
      5613.915189724781,
      5661.198194799786,
      5642.504331555586,
      5670.156149654888,
      5679.220594796713,
      5693.893391456904,
      5541.581705138289,
      5673.5422745404785,
      5621.634194871928,
      5594.0574228619735,
      5566.628811337601,
      5709.619600271038,
      5611.700263453095,
      5652.48320841231,
      5683.776172186225,
      5648.297804869877,
      5620.095406798568,
      5666.1402519271405,
      5694.180502998876,
      5666.630633336652,
      5635.356335615859,
      5596.517046624049,
      5595.177629668122,
      5575.642598798399,
      5685.474089850355,
      5582.029494146411,
      5630.638815767156
    ]
  },
  "anytime_gp_clean": {
    "mean_return": 7091.810997902986,
    "std_return": 89.90662583397508,
    "mean_allow_perf": 0.8984000000000001,
    "n_fell": 0,
    "fall_rate": 0.0,
    "mean_attacked_steps": 0.0,
    "returns": [
      7085.32174478974,
      7124.831559852793,
      7080.417748167537,
      7150.424324321952,
      7056.613062285776,
      7225.193978789479,
      7108.034501759428,
      7128.291322417981,
      7133.806869144155,
      7000.889933522671,
      7035.790237265978,
      7007.84450029236,
      7159.984508704887,
      7006.3722814102575,
      7169.406702548484,
      7136.20158904839,
      7176.745386013778,
      7171.68219977456,
      7079.916123706131,
      7132.882535011524,
      6960.5582448899595,
      7095.506472839536,
      7109.029284254016,
      6936.2427091852705,
      6844.246331895567,
      7232.484799707216,
      6943.726700123496,
      7159.9142021643465,
      7099.954372408617,
      7202.015710793694
    ]
  },
  "anytime_gp_attacked": {
    "mean_return": 6420.225576643811,
    "std_return": 835.8748921803349,
    "mean_allow_perf": 0.8984666666666666,
    "n_fell": 0,
    "fall_rate": 0.0,
    "mean_attacked_steps": 103.76666666666667,
    "returns": [
      7019.887393702549,
      6479.114019591464,
      6954.394814001257,
      6832.929570235994,
      6896.095801624575,
      6864.049746136711,
      7084.418357038934,
      6834.918791636667,
      4249.967688806341,
      6821.088308800726,
      7118.388760653948,
      6850.538059670978,
      5640.133775744914,
      6774.181680807364,
      5505.665265674592,
      6033.699156059041,
      5401.275177834595,
      7024.030109487755,
      6933.332887912073,
      7149.509755571929,
      7158.68924352399,
      6909.536806344744,
      4247.271391425934,
      5934.155660003592,
      6875.451442049629,
      5981.707419249728,
      4698.18608022014,
      6520.953917559693,
      7070.046360984242,
      6743.14985696023
    ]
  },
  "adaptive_gp_clean": {
    "mean_return": 5702.797778838015,
    "std_return": 121.75668197289494,
    "mean_allow_perf": 0.054599999999999996,
    "n_fell": 0,
    "fall_rate": 0.0,
    "mean_attacked_steps": 0.0,
    "returns": [
      5811.748834208813,
      5605.349924308609,
      5655.901322240161,
      5659.266684920457,
      5639.794209933734,
      5657.4906225328705,
      5843.841967417782,
      6091.485957150374,
      5595.717792207403,
      5639.155331419435,
      5696.271496123422,
      5742.360559642265,
      5791.0956787567,
      5673.440473874996,
      5703.170941919129,
      5668.417431907511,
      5666.754619096376,
      5773.474053550759,
      5623.76169925003,
      5674.3506959038905,
      5580.2730989045895,
      5669.749987774353,
      5654.153141352144,
      5640.728089626488,
      5618.043750446787,
      5679.871126960214,
      5585.02276023841,
      5570.42415837837,
      5811.114883960098,
      6061.702071134285
    ]
  },
  "adaptive_gp_attacked": {
    "mean_return": 5662.084020389387,
    "std_return": 123.64451769368596,
    "mean_allow_perf": 0.0273,
    "n_fell": 0,
    "fall_rate": 0.0,
    "mean_attacked_steps": 103.76666666666667,
    "returns": [
      5661.198906386449,
      5598.177017228128,
      5587.025512447607,
      5594.07685534885,
      5604.22250154612,
      5695.875128134412,
      5624.3924298006295,
      5610.219028070276,
      5629.830549692549,
      5633.052119406812,
      5549.2915782277905,
      5582.891433176186,
      5613.800086376791,
      5680.168898852011,
      5621.941136083793,
      6283.116582627959,
      5678.862001827224,
      5637.404814015146,
      5725.727059604913,
      5684.564069814384,
      5702.502533266369,
      5719.136924606686,
      5670.42364897741,
      5683.652760324659,
      5628.112181246956,
      5562.158664791108,
      5645.93977342184,
      5631.796618885681,
      5632.5037073727535,
      5690.456090120087
    ]
  },
  "continuous_gp_clean": {
    "mean_return": 6741.84710588511,