{
  "always_perf_clean": {
    "mean_return": 7208.775378731102,
    "std_return": 229.2905615607175,
    "mean_allow_perf": 1.0,
    "n_fell": 0,
    "fall_rate": 0.0,
    "mean_attacked_steps": 0.0,
    "returns": [
      7404.749582026262,
      7206.285693816861,
      7170.0962224238365,
      7214.956350791073,
      7265.522837933582,
      7150.80648283501,
      7463.5898886450295,
      7236.958941393968,
      6098.039976312707,
      7309.388326392584,
      7332.919669970725,
      7083.032320103942,
      7191.214219800277,
      7177.029846538643,
      7056.180150185988,
      7196.575592549843,
      7382.217724948037,
      7230.655568399761,
      7372.901950091942,
      7148.574867429973,
      7309.536930675212,
      7285.325664917541,
      7235.4752454186855,
      7257.523583598003,
      7295.4175027602505,
      7130.210918775411,
      7124.682774033313,
      7458.323114597642,
      7248.483080914272,
      7226.586333652702
    ]
  },
  "always_perf_attacked": {
    "mean_return": 5734.142465888987,
    "std_return": 1640.3888582145805,
    "mean_allow_perf": 1.0,
    "n_fell": 0,
    "fall_rate": 0.0,
    "mean_attacked_steps": 100.0,
    "returns": [
      7185.722995189722,
      6387.520163511055,
      5897.792311998157,
      7260.577327867157,
      7078.175031418224,
      6791.159610301716,
      5673.015141278636,
      178.32264652878644,
      7409.4826885750645,
      3658.9692258942373,
      5673.1854985731625,
      5972.988782194271,
      5725.606113902678,
      4492.400341055041,
      7195.967427835083,
      6155.184600348232,
      3634.883443967416,
      6907.968171001534,
      7039.825649118813,
      5540.031412903379,
      6900.219043607637,
      6922.737510564787,
      7331.1895900456275,
      4468.143077070747,
      2141.0123997846617,
      4860.382867060792,
      4803.6591633942635,
      6965.678854073019,
      5409.265112662808,
      6363.207774942892
    ]
  },
  "always_backup_clean": {
    "mean_return": 5636.721366054922,
    "std_return": 47.16690495728123,
    "mean_allow_perf": 0.0,
    "n_fell": 0,
    "fall_rate": 0.0,
    "mean_attacked_steps": 0.0,
    "returns": [
      5571.4969444106755,
      5690.425912874258,
      5696.891360535518,
      5562.918533428529,
      5726.237969574662,
      5679.880097573444,
      5560.49330297121,
      5611.018417878663,
      5705.486521880092,
      5645.4531784451265,
      5613.137487731729,
      5659.110177693234,
      5605.727913539286,
      5640.706690777935,
      5624.980643165737,
      5627.038616372079,
      5598.024943120998,
      5698.327310679798,
      5661.371900430195,
      5609.3101555372195,
      5620.884486266651,
      5618.584149634686,
      5707.476303792745,
      5559.174411988031,
      5686.152777422029,
      5584.29526982814,
      5654.063979339526,
      5584.602430091995,
      5662.357942823272,
      5636.011151840227
    ]
  },
  "always_backup_attacked": {
    "mean_return": 5633.22705026344,
    "std_return": 56.1771393662688,
    "mean_allow_perf": 0.0,
    "n_fell": 0,
    "fall_rate": 0.0,
    "mean_attacked_steps": 100.0,
    "returns": [
      5590.298771760277,
      5677.775713110253,
      5508.919213354639,
      5634.744856209999,
      5593.053599497378,
      5682.190287042905,
      5576.973156658039,
      5684.023266408197,
      5631.3178898781725,
      5654.222047028894,
      5667.995652198282,
      5584.268687649472,
      5598.742444499842,
      5654.107734489797,
      5624.348047531655,
      5528.2747450944225,
      5560.989195128544,
      5626.825874786506,
      5724.958922116635,
      5679.515140060996,
      5642.341456119514,
      5666.995667564598,
      5713.17542994848,
      5575.818946290462,
      5632.691598519446,
      5604.410009859326,
      5773.109765940513,
      5668.895001086574,
      5616.866357587725,
      5618.962030481657
    ]
  },
  "anytime_gp_clean": {
    "mean_return": 7089.574242481295,
    "std_return": 103.49937680357583,
    "mean_allow_perf": 0.8985333333333334,
    "n_fell": 0,
    "fall_rate": 0.0,
    "mean_attacked_steps": 0.0,
    "returns": [
      6990.606168398736,
      7044.404729571257,
      6941.367653759189,
      7119.999955283758,
      7187.605704392416,
      6887.370675532498,
      7268.348100917266,
      7095.830926376091,
      7196.470368631232,
      7134.867090132902,
      7211.410111415515,
      7093.139605102192,
      7121.0875761661455,
      6990.539399632207,
      7020.089412493334,
      7132.658336862013,
      6926.004093518768,
      7245.655156639143,
      7162.071337897197,
      7105.972925317539,
      7216.542293564891,
      7104.512136336959,
      7012.90697558269,
      7022.30639711983,
      6962.524320578936,
      7110.282524962647,
      7071.109950775995,
      6914.9063723415,
      7154.370840200488,
      7242.266134935522
    ]
  },
  "anytime_gp_attacked": {
    "mean_return": 6371.414913631723,
    "std_return": 1452.269810295735,
    "mean_allow_perf": 0.8981,
    "n_fell": 0,
    "fall_rate": 0.0,
    "mean_attacked_steps": 100.0,
    "returns": [
      6968.972143959899,
      7309.569794124841,
      6728.615660067153,
      5009.815884534285,
      7055.133527215705,
      6891.177453161194,
      6908.219713831969,
      7091.772716050597,
      7239.436115146714,
      6457.633320885259,
      6954.392331081519,
      701.7460847505924,
      6737.377985238287,
      7181.187006975992,
      6198.298995806868,
      5134.886702542544,
      7063.088665399999,
      7174.033651400382,
      7038.382058954342,
      6979.662126999879,
      6715.563811045099,
      6952.768744469806,
      4726.633409265706,
      7059.981461192924,
      2404.9262775083794,
      7113.4333511128725,
      6895.982016916373,
      6472.586209411272,
      6915.938748866158,
      7061.231441035063
    ]
  },
  "adaptive_gp_clean": {
    "mean_return": 5705.548246876741,
    "std_return": 141.996338023487,
    "mean_allow_perf": 0.05556666666666667,
    "n_fell": 0,
    "fall_rate": 0.0,
    "mean_attacked_steps": 0.0,
    "returns": [
      5812.608001207879,
      5608.214120713649,
      5654.393095596167,
      5671.798898279701,
      5772.803154203053,
      5893.728037328725,
      5603.311052059024,
      5582.884233440971,
      5969.794888359303,
      5732.462403144759,
      5632.614631077341,
      5593.583778027704,
      5601.504836782063,
      5602.804603171197,
      5618.9550648512295,
      5836.8647893599245,
      6125.334084242021,
      5682.559109058183,
      5630.30986272608,
      5654.8443113634685,
      5688.630917860582,
      5617.702021808761,
      5593.679870194485,
      6075.2107252785945,
      5548.610405744798,
      5743.7617578017625,
      5641.61973479138,
      5630.381939010452,
      5680.011885259865,
      5665.4651935591255
    ]
  },
  "adaptive_gp_attacked": {
    "mean_return": 5649.512819417405,
    "std_return": 52.985817109749554,
    "mean_allow_perf": 0.014866666666666669,
    "n_fell": 0,
    "fall_rate": 0.0,
    "mean_attacked_steps": 100.0,
    "returns": [
      5650.869761994525,
      5683.672791336232,
      5681.652627012504,
      5677.657277767918,
      5634.022294939466,
      5666.837347632719,
      5609.1570546249095,
      5648.082588079969,
      5527.685283043549,
      5632.9604639204745,
      5698.293373980654,
      5819.800949124967,
      5631.0944655898,
      5650.842447837515,
      5638.8468788203645,
      5632.489321015945,
      5618.5844578189535,
      5577.441543933837,
      5639.159241706703,
      5698.204253208958,
      5662.279228429718,
      5643.354841558187,
      5604.640985912151,
      5624.4169350621405,
      5579.90893922282,
      5637.100864576756,
      5748.902869741738,
      5712.750097398654,
      5611.691084077045,
      5642.984313153028
    ]
  },
  "continuous_gp_clean": {
    "mean_return": 6809.9657059282035,