{
  "always_perf_clean": {
    "mean_return": 7242.813204099755,
    "std_return": 135.77682469878775,
    "mean_allow_perf": 1.0,
    "mean_R_exec": NaN,
    "n_fell": 0,
    "fall_rate": 0.0,
    "returns": [
      7201.467714286674,
      7149.995074185758,
      7211.30744689491,
      7175.98260633623,
      7408.643557490462,
      7469.553989319012,
      7274.303494526914,
      7397.873754323511,
      7184.660096626806,
      7185.20022282128,
      7289.03731559331,
      7277.29815339417,
      7217.474913559455,
      7367.454154277406,
      7261.838263414625,
      7206.149219307483,
      7390.4212101802505,
      7272.651520257839,
      7174.371887830633,
      7160.6486677327775,
      7280.427649870018,
      7313.892843252367,
      7346.448140490414,
      7311.406298808608,
      7245.0696401335645,
      7148.770725857245,
      7279.2764753621295,
      7331.615324456726,
      7051.085275355487,
      6700.070487046572
    ]
  },
  "always_perf_attacked": {
    "mean_return": 5170.651883313215,
    "std_return": 2187.440267051774,
    "mean_allow_perf": 1.0,
    "mean_R_exec": NaN,
    "n_fell": 0,
    "fall_rate": 0.0,
    "returns": [
      6178.478975839651,
      7134.905426896336,
      6277.562806855324,
      6187.8315741272245,
      4269.569520999111,
      7046.941761359899,
      2589.244439306641,
      7143.038177560412,
      6869.150670808561,
      226.78166734412557,
      5139.174123342665,
      7001.18598489738,
      6538.811289818993,
      677.5146369948881,
      6764.9413895687185,
      4031.429386839184,
      440.6347947959504,
      7390.826251462591,
      6464.664484154758,
      5552.519364972789,
      3403.8643559720094,
      453.82893567000184,
      4881.4594430511015,
      5415.770962125081,
      4481.384431020532,
      6257.4106903582215,
      6696.859714432337,
      6361.519655643675,
      6029.2377614889,
      7213.013821689375
    ]
  },
  "always_backup_clean": {
    "mean_return": 5645.895287858374,
    "std_return": 42.645465424458315,
    "mean_allow_perf": 0.0,
    "mean_R_exec": NaN,
    "n_fell": 0,
    "fall_rate": 0.0,
    "returns": [
      5628.843637586808,
      5703.977269565266,
      5668.0479476815935,
      5626.136157507002,
      5647.05440672532,
      5643.378897794805,
      5657.262240614625,
      5600.046830008936,
      5710.002819801231,
      5671.144992328872,
      5588.206529995922,
      5636.996466699369,
      5663.287302322412,
      5639.458672121991,
      5645.759447730213,
      5652.840389806503,
      5626.090663021717,
      5651.126794681818,
      5577.426713891258,
      5600.560754120097,
      5733.659986991208,
      5547.2824717482445,
      5654.916466244729,
      5724.70319994738,
      5585.987358102367,
      5686.703125240165,
      5641.975293029603,
      5666.2068031745985,
      5612.514625379911,
      5685.260371887261
    ]
  },
  "always_backup_attacked": {
    "mean_return": 5637.075564662914,
    "std_return": 47.954750115576296,
    "mean_allow_perf": 0.0,
    "mean_R_exec": NaN,
    "n_fell": 0,
    "fall_rate": 0.0,
    "returns": [
      5688.820398718868,
      5696.85866245515,
      5560.7455163241475,
      5617.169581322945,
      5630.9335942905245,
      5634.612995003966,
      5577.0225294145475,
      5658.972172462298,
      5662.040200888715,
      5640.576204649897,
      5589.131793622296,
      5680.566496700696,
      5551.502451825758,
      5657.405921898832,
      5628.587850604501,
      5703.55569181438,
      5613.549049597261,
      5689.100484409589,
      5602.01253171657,
      5685.056293345591,
      5675.303648905946,
      5649.0682372381,
      5679.241516311343,
      5509.6326470751455,
      5624.870799779348,
      5585.833496957248,
      5602.886160208534,
      5698.842693144243,
      5668.667973273921,
      5649.699345927048
    ]
  },
  "anytime_switcher_clean": {
    "mean_return": 6948.72991055705,
    "std_return": 615.0861973726003,
    "mean_allow_perf": 0.8977666666666665,
    "mean_R_exec": 0.40380533280586445,
    "n_fell": 0,
    "fall_rate": 0.0,
    "returns": [
      7032.936801598858,
      6942.061171340573,
      3702.2544642480216,
      7117.390959101399,
      7105.742376943139,
      7004.640935230705,
      7047.6840895484265,
      7000.429192301825,
      7032.998749771728,
      6904.892091371107,
      7171.071908946809,
      7066.199489870523,
      7166.27686175289,
      6888.843514554012,
      7109.198165794928,
      7202.827834891517,
      7036.483934226537,
      7008.279700806521,
      7332.185876357704,
      6803.707482859551,
      7243.474662439032,
      6929.3870176220635,
      7231.284526529059,
      7054.410588049134,
      7204.828419469151,
      6983.27364613436,
      7075.184157760624,
      7159.941589791046,
      6817.76055243847,
      7086.246554961818
    ]
  },
  "anytime_switcher_attacked": {
    "mean_return": 5893.265908665951,
    "std_return": 1830.6178815141711,
    "mean_allow_perf": 0.8969666666666665,
    "mean_R_exec": 0.5238285892783686,
    "n_fell": 0,
    "fall_rate": 0.0,
    "returns": [
      2214.8944172392844,
      3181.416090429439,
      7049.921254848619,
      5976.382799158832,
      6986.185898976497,
      6949.4993317940525,
      1475.5294289207093,
      6692.008455335718,
      6049.078057760997,
      7027.524240563071,
      6966.151776486288,
      7171.429641358661,
      4684.976165089647,
      6193.553216997104,
      6996.455589002502,
      7081.921097824493,
      7036.065582872418,
      545.4072675977511,
      3859.4808924774643,
      6475.294335443364,
      6887.9854095470855,
      7142.427708304296,
      7052.64048520264,
      6913.430725892879,
      7063.543180339186,
      5187.744213176102,
      7124.069132120244,
      4559.467459658256,
      7278.165184963678,
      6975.328220597295
    ]
  }
}