{
  "always_perf_clean": {
    "mean_return": 7233.7141116556195,
    "std_return": 93.13064447793407,
    "mean_allow_perf": 1.0,
    "mean_R_exec": NaN,
    "n_fell": 0,
    "fall_rate": 0.0,
    "returns": [
      7272.6481335117005,
      7308.927588559677,
      7242.617149948351,
      7208.641354103806,
      7378.573355027144,
      7136.333312496798,
      7294.298959118999,
      7176.186525285714,
      7382.198049006163,
      7217.107183751081,
      7083.517443918359,
      7064.458076369063,
      7092.41253849696,
      7266.054697904924,
      7259.5610690003905,
      7248.447614727546,
      7181.107169208373,
      7118.7258625324175,
      7192.000217757949,
      7287.93128367418,
      7187.15256465957,
      7320.7300512992815,
      7085.56343533321,
      7423.415499455351,
      7148.748384743214,
      7262.185129546587,
      7341.137626308096,
      7282.061075706936,
      7328.617943861329,
      7220.06405435544
    ]
  },
  "always_perf_attacked": {
    "mean_return": 5547.7761814346595,
    "std_return": 1597.1294900593102,
    "mean_allow_perf": 1.0,
    "mean_R_exec": NaN,
    "n_fell": 0,
    "fall_rate": 0.0,
    "returns": [
      6605.773818839851,
      7010.50496119908,
      6126.375721814048,
      7174.41734678991,
      5941.455489169611,
      5798.009726031596,
      4491.279094659731,
      6352.573130342643,
      5397.051407698881,
      2141.4077185664487,
      4409.718476889733,
      6413.232683720686,
      7171.655346564749,
      6286.306684521119,
      5535.860706646539,
      6258.500964946372,
      5084.250613327346,
      758.5316684759546,
      6933.017935091081,
      4198.630788759498,
      6204.362056525049,
      1937.8417448713412,
      5448.680295531728,
      4116.115000230681,
      7030.330606719042,
      6341.053978074697,
      4831.848038335868,
      7186.319849808187,
      6315.032015448612,
      6933.147573439757
    ]
  },
  "always_backup_clean": {
    "mean_return": 5641.420046800703,
    "std_return": 43.744839243018625,
    "mean_allow_perf": 0.0,
    "mean_R_exec": NaN,
    "n_fell": 0,
    "fall_rate": 0.0,
    "returns": [
      5670.08790750109,
      5576.004435059589,
      5605.972193995343,
      5644.966207137415,
      5655.377541711675,
      5541.103993825926,
      5597.706110021813,
      5588.912131169278,
      5668.073322593887,
      5697.739569150419,
      5644.871714228594,
      5742.448662673449,
      5658.542202901119,
      5650.695798057837,
      5631.643353013974,
      5698.605549482849,
      5661.580229386531,
      5625.191905010662,
      5587.926536590458,
      5671.542521441522,
      5637.3264884118635,
      5623.645548533859,
      5665.282639967097,
      5578.970412761239,
      5659.971951385917,
      5694.628529776611,
      5632.7069168425905,
      5699.665196858969,
      5638.71840614153,
      5592.693428387983
    ]
  },
  "always_backup_attacked": {
    "mean_return": 5632.728703411545,
    "std_return": 35.37560700105253,
    "mean_allow_perf": 0.0,
    "mean_R_exec": NaN,
    "n_fell": 0,
    "fall_rate": 0.0,
    "returns": [
      5599.516375144333,
      5614.131834607053,
      5711.947065333215,
      5674.3199665609445,
      5642.4731277417595,
      5662.945151211517,
      5671.716407440595,
      5620.847506044503,
      5639.143369751883,
      5612.890153781447,
      5603.968237586675,
      5600.797928443394,
      5580.767504846054,
      5680.4435566141,
      5581.003529461584,
      5599.982761861531,
      5642.777356859672,
      5606.297368877277,
      5645.742885049675,
      5689.805500363321,
      5546.2555483333645,
      5631.4263892926965,
      5661.764275842752,
      5636.237125972922,
      5657.1261454044925,
      5650.0652428609765,
      5621.719279208427,
      5608.353976336419,
      5643.223366279169,
      5644.17216523459
    ]
  },
  "anytime_switcher_clean": {
    "mean_return": 6942.180536969618,
    "std_return": 545.699746156484,
    "mean_allow_perf": 0.898,
    "mean_R_exec": 0.4388571454401504,
    "n_fell": 0,
    "fall_rate": 0.0,
    "returns": [
      7205.82948923116,
      6880.132700358174,
      7192.265347623197,
      6930.135938914598,
      6999.170977449069,
      7145.110214871436,
      7049.275533656628,
      7200.493344372144,
      7009.906137802419,
      7245.540631544847,
      7096.186585921084,
      7018.078612542702,
      7031.356346063957,
      7054.9663219475215,
      6906.304147735668,
      7121.5803695771665,
      7092.711872635465,
      6888.891156167383,
      7170.61343985169,
      7104.292813012446,
      6201.2141559373695,
      6981.040210811202,
      7225.1998445317895,
      7129.374326576144,
      6792.245109030092,
      7034.256081397956,
      4187.799592998641,
      7052.806208413089,
      7181.506775565043,
      7137.131822548425
    ]
  },
  "anytime_switcher_attacked": {
    "mean_return": 6552.54717590769,
    "std_return": 1141.0512615785944,
    "mean_allow_perf": 0.8969999999999998,
    "mean_R_exec": 0.5036721335338595,
    "n_fell": 0,
    "fall_rate": 0.0,
    "returns": [
      6665.499712658729,
      5524.417536995222,
      7013.87052036747,
      7180.342653610293,
      7173.232236545271,
      6853.98312621905,
      6802.346774783455,
      6811.986237301973,
      6496.282767820232,
      7130.819095902151,
      7035.142102764292,
      3842.5358319741513,
      6901.281726578353,
      7200.647457985355,
      7037.393298230995,
      5581.651184264143,
      7073.550535106564,
      6995.425857595809,
      7152.98761585591,
      7220.184386928952,
      7034.536337385068,
      1940.5088138238195,
      7000.658481438501,
      7136.253644386832,
      7085.548028118256,
      7144.4220428691,
      6922.1713493807265,
      7066.982469821824,
      4886.3020631582285,
      6665.451387359989
    ]
  }
}