{
  "always_perf_clean": {
    "mean_return": 7129.779220170486,
    "std_return": 558.5740898646068,
    "mean_allow_perf": 1.0,
    "mean_R_exec": NaN,
    "n_fell": 0,
    "fall_rate": 0.0,
    "returns": [
      7421.507849518632,
      7286.171133479204,
      7468.804297385993,
      7368.9847657098,
      7254.341737422226,
      7405.578980772496,
      7277.840355635652,
      5724.958774284101,
      7396.568304752533,
      7193.702563258517,
      7296.481474422606,
      7303.266197796962,
      7280.238747305953,
      7270.881375894606,
      7188.194794942712,
      7183.066121501193,
      7096.649439746234,
      7330.645330418561,
      7221.950653699921,
      7185.803689735138,
      7180.927047088535,
      7249.567204011594,
      7297.112828054647,
      7225.684006744539,
      4554.953403269985,
      7294.953758074999,
      7247.475122731438,
      7244.88420866957,
      7247.783550654923,
      7194.398888131321
    ]
  },
  "always_perf_attacked": {
    "mean_return": 5309.257842787669,
    "std_return": 1908.9683696927077,
    "mean_allow_perf": 1.0,
    "mean_R_exec": NaN,
    "n_fell": 0,
    "fall_rate": 0.0,
    "returns": [
      7202.855853334029,
      597.6999337313395,
      7091.376115992397,
      7140.3270415522875,
      7014.971657550175,
      5140.489427025365,
      6538.293077936538,
      6932.554770779729,
      5810.014758315268,
      5434.949559414519,
      4813.443413116354,
      5402.43966940232,
      953.462862553065,
      6113.555532139295,
      6384.584939097629,
      707.5278600527494,
      7110.925636129231,
      7038.851194235067,
      6293.833289897373,
      5488.109716103229,
      5858.048931612673,
      2784.399444226136,
      3387.8397506131982,
      6118.23533960718,
      3979.0903726016318,
      3683.168530960713,
      5075.066627823323,
      7236.369727781851,
      5716.353955423915,
      6228.896294621458
    ]
  },
  "always_backup_clean": {
    "mean_return": 5639.6623005251495,
    "std_return": 47.42786939536647,
    "mean_allow_perf": 0.0,
    "mean_R_exec": NaN,
    "n_fell": 0,
    "fall_rate": 0.0,
    "returns": [
      5726.9592554443125,
      5630.981199273252,
      5704.972612800964,
      5647.571507051888,
      5575.017701339351,
      5614.046686458542,
      5589.288099297788,
      5650.449267307735,
      5588.566309771948,
      5651.219082092838,
      5639.560678200698,
      5615.2141630551205,
      5653.101821382503,
      5664.434542770919,
      5586.815806927209,
      5644.430711059261,
      5611.257351998525,
      5596.610751116071,
      5757.163378819982,
      5681.635554069031,
      5589.886627735992,
      5585.296168729863,
      5656.607253809396,
      5598.328083271338,
      5683.502916608863,
      5641.534456647744,
      5609.071766611515,
      5590.875547003114,
      5669.856988969825,
      5735.612726128919
    ]
  },
  "always_backup_attacked": {
    "mean_return": 5632.551913293888,
    "std_return": 40.45657642079091,
    "mean_allow_perf": 0.0,
    "mean_R_exec": NaN,
    "n_fell": 0,
    "fall_rate": 0.0,
    "returns": [
      5653.793751448591,
      5661.880995687454,
      5689.778338390669,
      5635.475933967609,
      5567.389605233695,
      5671.6366723619,
      5582.198948661578,
      5575.270690338864,
      5608.436171753978,
      5632.944717363024,
      5628.974508316944,
      5688.531847714906,
      5594.294171511472,
      5581.818263723063,
      5653.487992391823,
      5662.043155284474,
      5589.124970198611,
      5611.014709017808,
      5638.691654315161,
      5573.926159674738,
      5727.8752833639455,
      5696.943891077782,
      5625.464342592282,
      5604.372862435105,
      5649.269939307691,
      5618.813824731025,
      5637.26204947854,
      5616.102514921666,
      5685.790638287301,
      5613.948795264979
    ]
  },
  "anytime_switcher_clean": {
    "mean_return": 7111.899931710598,
    "std_return": 88.22607381316696,
    "mean_allow_perf": 0.8982333333333334,
    "mean_R_exec": 0.5053185056861043,
    "n_fell": 0,
    "fall_rate": 0.0,
    "returns": [
      7181.048031784382,
      7089.915374755352,
      7174.979549976775,
      7138.903924719468,
      7148.064742448516,
      7227.797075668677,
      7098.498047775303,
      7288.23704523814,
      7200.107963496942,
      7108.870447989514,
      7098.909007435053,
      6996.882204260736,
      7152.859736489015,
      7023.942077998157,
      7097.412674911672,
      7131.0294189174365,
      7106.09210194519,
      7161.004732901853,
      6879.463063708131,
      7002.153695930108,
      7124.719199265017,
      7115.146506154681,
      7220.425509263664,
      7010.048153581478,
      6986.397305232384,
      7256.97262140423,
      7185.674541086054,
      7021.152156275816,
      7083.319032078877,
      7046.972008625376
    ]
  },
  "anytime_switcher_attacked": {
    "mean_return": 6031.7625080159505,
    "std_return": 1691.0922417621796,
    "mean_allow_perf": 0.8965000000000001,
    "mean_R_exec": 0.4484380351858144,
    "n_fell": 0,
    "fall_rate": 0.0,
    "returns": [
      6632.3440704521,
      6966.15877898455,
      7003.88075828641,
      6955.338616249132,
      5349.400342865922,
      7159.113146195429,
      6362.347351498608,
      6929.170432762734,
      527.2705080937837,
      6930.671924772041,
      7014.857828984472,
      2878.5046837598807,
      7009.360246785928,
      7177.9462962204525,
      5557.473672540291,
      5672.768759744256,
      7189.032101015193,
      6120.813090661454,
      6930.085333743465,
      6341.876314411904,
      4826.144505307515,
      6944.62701809305,
      7064.769656089766,
      5518.125008823731,
      6116.278529473378,
      7055.655828526464,
      6994.135971062246,
      6828.777116181543,
      837.0701658675565,
      6058.87718302527
    ]
  }
}