{
  "always_perf_clean": {
    "mean_return": 7266.72762865298,
    "std_return": 107.81095182471572,
    "mean_allow_perf": 1.0,
    "mean_R_exec": NaN,
    "n_fell": 0,
    "fall_rate": 0.0,
    "returns": [
      7157.1127311638,
      7223.40548779263,
      7421.713375609138,
      7184.90627642308,
      7356.054932362333,
      7190.331339183347,
      7369.19972564493,
      7409.993786896071,
      7241.224299770085,
      7225.4758111424435,
      7403.39966607507,
      7462.601546308745,
      7241.172750923293,
      7267.200652045896,
      7363.581639563859,
      7038.574682629116,
      7108.539644195015,
      7333.109767257578,
      7396.362391799937,
      7331.743889773668,
      7261.665223542671,
      7372.69666520007,
      7189.417069694941,
      7344.110599228375,
      7154.8884160927055,
      7227.165504716779,
      7095.917244327683,
      7169.40404607371,
      7164.389797463855,
      7296.469896688569
    ]
  },
  "always_perf_attacked": {
    "mean_return": 5728.35976078044,
    "std_return": 1821.5219683679964,
    "mean_allow_perf": 1.0,
    "mean_R_exec": NaN,
    "n_fell": 0,
    "fall_rate": 0.0,
    "returns": [
      6958.272636238282,
      6968.362824094755,
      6060.905783112634,
      4446.589288895986,
      7101.155067019932,
      6028.718300814043,
      3646.606691801723,
      3907.8782747603773,
      896.3252735813832,
      4472.450346513276,
      7036.336665433019,
      6417.031007553732,
      6368.369588812485,
      6589.7830805932035,
      7164.40619321753,
      4572.434191321789,
      6974.7131783078585,
      2474.350042453147,
      7278.443215817007,
      5750.555790492039,
      409.84949108551655,
      6125.772603498896,
      6831.157417936002,
      6850.695437954423,
      7121.9095094199765,
      6303.237088384911,
      5771.243280016848,
      7143.182467173675,
      7112.377361444129,
      7067.680725664624
    ]
  },
  "always_backup_clean": {
    "mean_return": 5638.1861569945695,
    "std_return": 48.191269141158884,
    "mean_allow_perf": 0.0,
    "mean_R_exec": NaN,
    "n_fell": 0,
    "fall_rate": 0.0,
    "returns": [
      5639.8013272984845,
      5625.7270176003085,
      5656.721775506569,
      5658.214923841809,
      5642.909281573526,
      5613.708313374228,
      5755.534175659556,
      5621.128901536614,
      5608.286140693113,
      5627.267736200734,
      5616.154163654101,
      5625.90837996648,
      5743.279855258423,
      5630.221721960507,
      5601.310987006545,
      5655.771530407813,
      5681.297125403703,
      5680.081917404401,
      5611.802580829939,
      5546.5988896483705,
      5574.304153055449,
      5575.849083144757,
      5630.991868869324,
      5734.847777235737,
      5676.975866619282,
      5628.618687501888,
      5562.278968545383,
      5665.351186715067,
      5652.495181619853,
      5602.1451917051145
    ]
  },
  "always_backup_attacked": {
    "mean_return": 5624.253821065328,
    "std_return": 45.167669845546264,
    "mean_allow_perf": 0.0,
    "mean_R_exec": NaN,
    "n_fell": 0,
    "fall_rate": 0.0,
    "returns": [
      5662.23204097211,
      5594.079705285313,
      5700.05186225371,
      5575.5377071825915,
      5574.333596315641,
      5624.486387349928,
      5616.497670011551,
      5660.568131546903,
      5681.73152198834,
      5628.614859875709,
      5547.118590794689,
      5635.155814269213,
      5602.708240680854,
      5613.198053639732,
      5549.486085238833,
      5608.8808037474855,
      5593.408085023919,
      5626.514189178998,
      5591.148218875358,
      5653.524203836752,
      5635.431415031034,
      5612.847270565009,
      5713.309244168959,
      5625.853163406544,
      5723.294311969899,
      5597.667981150034,
      5597.032385008097,
      5628.040981967432,
      5561.599356669731,
      5693.262753955483
    ]
  },
  "anytime_gp_clean": {
    "mean_return": 7054.141563794861,
    "std_return": 133.731868608041,
    "mean_allow_perf": 0.8987000000000002,
    "mean_R_exec": 0.5812607353065562,
    "n_fell": 0,
    "fall_rate": 0.0,
    "returns": [
      7044.1835070376555,
      7129.627538343805,
      7078.347332739296,
      7098.307321044796,
      7060.94445998333,
      7050.68093571313,
      7087.191731169019,
      6814.934464488429,
      7041.23815412025,
      7081.2646319259,
      7229.104161318893,
      6894.297189991206,
      7008.474399246515,
      7256.381651385304,
      7102.666405513763,
      6979.316902714565,
      7049.790400230873,
      7321.219759590994,
      7301.404466629581,
      6843.551150276981,
      7069.093216148305,
      6992.1663412927655,
      7009.3095534221675,
      6871.526337055321,
      7186.765507108372,
      7148.602241226901,
      7016.298349218175,
      7068.644208395862,
      6712.241005817554,
      7076.67359069614
    ]
  },
  "anytime_gp_attacked": {
    "mean_return": 6620.9355505002395,
    "std_return": 1432.2540769337947,
    "mean_allow_perf": 0.8977666666666667,
    "mean_R_exec": 0.5608606432727121,
    "n_fell": 0,
    "fall_rate": 0.0,
    "returns": [
      7047.841928980313,
      6911.341317638756,
      7134.4486293862,
      7078.470686093047,
      7128.196293832961,
      7031.1046669542375,
      7064.097062685344,
      7195.902777782913,
      7216.346844211483,
      7039.016579581992,
      7012.540199751099,
      6986.650384041244,
      7218.264984473231,
      -77.45654272044614,
      7018.591763517462,
      6926.722865870488,
      7157.120972569917,
      4912.7567214730525,
      6535.3873376292995,
      6947.416544623115,
      7210.799803036932,
      7181.834778313628,
      6886.506634157876,
      6778.0446158163395,
      3723.436717057373,
      6992.254410286517,
      7210.254591482221,
      6902.031540990658,
      7097.687493125671,
      7160.453912364254
    ]
  },
  "adaptive_gp_clean": {
    "mean_return": 6931.38434541335,
    "std_return": 1159.3406194272775,
    "mean_allow_perf": 0.9568999999999999,
    "mean_R_exec": 0.3742828264696877,
    "n_fell": 0,
    "fall_rate": 0.0,
    "returns": [
      7155.839609966045,
      7236.219307296979,
      6998.131334300848,
      7298.387548470194,
      7421.718386237845,
      6997.70362383416,
      7239.830433248302,
      7142.137411945625,
      7171.508923748684,
      7189.238240825504,
      5107.427393464433,
      7121.297203981239,
      7260.843770978592,
      7103.331224294114,
      7320.880403325082,
      7171.144612099867,
      7406.899213088189,
      7148.60085769833,
      7191.953784801296,
      7266.539748106422,
      7262.492570532697,
      7291.163189466051,
      7216.0686105720515,
      1052.8516997219474,
      7063.267376873357,
      7160.270204875123,
      7070.027082258337,
      7303.630349173354,
      7360.222972143301,
      7211.903275072571
    ]
  },
  "adaptive_gp_attacked": {
    "mean_return": 6445.26131242745,
    "std_return": 1353.7071496281153,
    "mean_allow_perf": 0.9203999999999998,
    "mean_R_exec": 0.40792651518660417,
    "n_fell": 0,
    "fall_rate": 0.0,
    "returns": [
      7289.166973940192,
      7087.538684376242,
      6874.715013555826,
      7061.399163592041,
      4560.309249924058,
      7020.447357884051,
      7013.572649344444,
      7043.035066124055,
      7017.534571192491,
      4086.1306221561,
      6288.29392540236,
      6981.19590185536,
      4876.177090999797,
      6927.698641909534,
      7102.352916020876,
      7034.039524297285,
      4463.359328840588,
      6923.157423270877,
      6935.9516168867685,
      7089.020414126026,
      869.9482806318009,
      6991.19217649946,
      7034.779624233088,
      6290.819749877625,
      7096.3674093121535,
      7143.859728181882,
      7184.730230556409,
      6932.775979487402,
      7020.550095366716,
      7117.719962977991
    ]
  },
  "timing": {
    "gp_mean_ms": 2.849878827109933,
    "gp_p95_ms": 2.9654618585482235
  }
}