{
  "always_perf_clean": {
    "mean_return": 7207.194325862044,
    "std_return": 251.61808213193743,
    "mean_allow_perf": 1.0,
    "n_fell": 0,
    "fall_rate": 0.0,
    "mean_attacked_steps": 0.0,
    "returns": [
      5966.993820370294,
      7109.371550504257,
      7307.974826424792,
      7099.7093285295205,
      7355.14921050888,
      7180.536693185949,
      7436.417179133161,
      7143.085737469717,
      7328.690677823855,
      7321.990652502731,
      7270.728437181697,
      7386.992736883256,
      7227.179788912882,
      7262.881115151816,
      7357.076575259748,
      7139.05734559471,
      7148.817730995614,
      7198.548970842112,
      7294.514192686653,
      7323.291038845782,
      7229.72125366736,
      7405.8780283310925,
      7307.956815069592,
      6979.556994864871,
      7161.319675071368,
      7189.902619843361,
      7202.1089848930305,
      7345.327312063354,
      7252.0693222212985,
      7282.981161028515
    ]
  },
  "always_perf_attacked": {
    "mean_return": 3247.9649614134937,
    "std_return": 1756.987968694726,
    "mean_allow_perf": 1.0,
    "n_fell": 0,
    "fall_rate": 0.0,
    "mean_attacked_steps": 300.0,
    "returns": [
      3127.460656735874,
      4170.844916847643,
      4437.367351279401,
      2867.6773456978076,
      2061.115324757502,
      6314.397879379287,
      675.8976204284751,
      4909.263376607121,
      4143.492311617879,
      3037.5024815715756,
      2455.0685836491602,
      3412.3198261569073,
      2988.641315107078,
      3445.237360049105,
      5107.368004847273,
      3754.834226746735,
      3991.1743260744865,
      553.0422209526419,
      2442.816121794753,
      3361.251904234015,
      539.5111326703585,
      5300.004156925213,
      1205.6700890505101,
      3953.8439172541594,
      6519.458676506751,
      482.5590578931038,
      4645.373156072503,
      565.6353449412388,
      5972.336663673848,
      997.7834928824033
    ]
  },
  "always_backup_clean": {
    "mean_return": 5638.709605434504,
    "std_return": 43.05652439270357,
    "mean_allow_perf": 0.0,
    "n_fell": 0,
    "fall_rate": 0.0,
    "mean_attacked_steps": 0.0,
    "returns": [
      5639.411269139181,
      5651.329928429684,
      5577.312000816878,
      5578.614158982564,
      5661.773805009384,
      5591.327332175838,
      5627.268500555434,
      5591.226506582359,
      5694.412242562472,
      5583.222598223537,
      5658.494981688581,
      5679.2015752980315,
      5724.1623738036005,
      5685.616733014796,
      5561.314578936363,
      5622.515952415715,
      5613.472629470749,
      5599.74414684564,
      5604.385224257742,
      5681.720726168895,
      5649.192673682425,
      5616.98186090482,
      5675.518686198915,
      5701.388107061113,
      5638.75415784209,
      5634.852506988426,
      5585.814756445245,
      5673.433366936209,
      5662.613851845925,
      5696.210930752549
    ]
  },
  "always_backup_attacked": {
    "mean_return": 5630.530111550385,
    "std_return": 47.524161651582624,
    "mean_allow_perf": 0.0,
    "n_fell": 0,
    "fall_rate": 0.0,
    "mean_attacked_steps": 300.0,
    "returns": [
      5597.605337670379,
      5606.633693021769,
      5724.809253600409,
      5557.459855911372,
      5609.517748564369,
      5609.432426381293,
      5645.097216973842,
      5676.285108729787,
      5669.039718136715,
      5701.29834031667,
      5611.810867844877,
      5606.000318823019,
      5578.065547039899,
      5672.456533912169,
      5665.073696214622,
      5566.569950275156,
      5668.471012737503,
      5656.448962824877,
      5669.20640738305,
      5622.672264804669,
      5507.706224785777,
      5717.840158994342,
      5621.610953849133,
      5633.034548701122,
      5620.1328610925675,
      5661.469910026308,
      5643.341244873908,
      5580.642441317369,
      5619.3563725222,
      5596.814369182404
    ]
  },
  "anytime_gp_clean": {
    "mean_return": 7053.616365531367,
    "std_return": 120.71575985887179,
    "mean_allow_perf": 0.8985666666666668,
    "n_fell": 0,
    "fall_rate": 0.0,
    "mean_attacked_steps": 0.0,
    "returns": [
      7002.3327367381335,
      6923.675844307301,
      6830.182667953685,
      7021.669204395334,
      7003.656889540906,
      7078.828882161095,
      7300.879690379617,
      6861.48937465354,
      7094.02231187436,
      7168.406879449907,
      7013.387092890566,
      6835.731143052845,
      7025.965858655658,
      7044.655459630797,
      7059.106960344054,
      7217.30237902245,
      6884.823418493466,
      7132.335974966165,
      7105.043669019357,
      7093.430806900426,
      7023.569660880777,
      7055.39428506361,
      6960.667991486322,
      7150.797284809776,
      7303.193920527789,
      7153.503273739384,
      7049.2765211169335,
      7229.973169853031,
      6941.526085926852,
      7043.661528106846
    ]
  },
  "anytime_gp_attacked": {
    "mean_return": 4511.9289526778775,
    "std_return": 1439.954784630646,
    "mean_allow_perf": 0.8963756218905474,
    "n_fell": 1,
    "fall_rate": 0.03333333333333333,
    "mean_attacked_steps": 299.23333333333335,
    "returns": [
      4808.131283023946,
      2307.550682959162,
      1987.0757155596298,
      4724.669506913752,
      2444.312461009626,
      4900.786849825973,
      5988.022828416964,
      4978.566297095083,
      2047.4991588018634,
      4235.880999214789,
      1352.2321774208554,
      3812.628326697219,
      5790.20580523349,
      6278.688576532941,
      6785.934445886118,
      5257.634349103426,
      5767.839176177073,
      4328.605966355475,
      6197.304274578352,
      4766.728264150666,
      4098.801937452822,
      3587.8692962592263,
      2406.1494724522145,
      6194.4908683629055,
      3721.427988773833,
      5189.017992303094,
      5086.7461735733195,
      5168.732159756044,
      5502.967603849435,
      5641.367942597038
    ]
  },
  "adaptive_gp_clean": {
    "mean_return": 5662.051892550004,
    "std_return": 85.15631732688949,
    "mean_allow_perf": 0.021600000000000005,
    "n_fell": 0,
    "fall_rate": 0.0,
    "mean_attacked_steps": 0.0,
    "returns": [
      5642.531728046516,
      5987.440440693476,
      5621.843052150699,
      5649.1508982767145,
      5668.530325852098,
      5664.6778370337,
      5584.827249488122,
      5652.099446868875,
      5864.5414751773815,
      5644.467089074851,
      5662.095201623792,
      5663.253325564345,
      5653.879809488642,
      5784.619555083779,
      5685.650793895766,
      5649.295567349699,
      5637.391132044311,
      5656.750638624335,
      5568.181458831766,
      5654.921345857769,
      5653.981232438537,
      5713.531215871587,
      5567.1448595125385,
      5549.815403980884,
      5616.744529247218,
      5591.8513731410685,
      5621.687881064433,
      5691.432640189552,
      5608.683957385124,
      5650.535312642499
    ]
  },
  "adaptive_gp_attacked": {
    "mean_return": 5637.014499094911,
    "std_return": 54.99662531709425,
    "mean_allow_perf": 0.014100000000000001,
    "n_fell": 0,
    "fall_rate": 0.0,
    "mean_attacked_steps": 300.0,
    "returns": [
      5710.903860067824,
      5671.941997324925,
      5508.157474957346,
      5685.34902700444,
      5650.099590764114,
      5616.082570159456,
      5575.824110063554,
      5660.387198108595,
      5629.886271345094,
      5675.774947162547,
      5537.596134726993,
      5645.554592286103,
      5595.20818792529,
      5676.524293035543,
      5681.0579713218995,
      5681.394514537818,
      5638.4656155481525,
      5674.522311930317,
      5641.316663850624,
      5609.931935888512,
      5729.623425648154,
      5581.496631251348,
      5633.411457872863,
      5720.204678832778,
      5694.6149362699225,
      5623.437657496514,
      5600.278136659912,
      5526.405667564339,
      5579.483427050793,
      5655.499686191569
    ]
  },