{
  "always_perf_clean": {
    "mean_return": 3561.6427294927466,
    "std_return": 42.94937945678674,
    "mean_allow_perf": 1.0,
    "n_fell": 2,
    "fall_rate": 0.06666666666666667,
    "mean_attacked_steps": 0.0,
    "returns": [
      3576.3547861835123,
      3582.989229276219,
      3583.2243633778153,
      3568.9297272469703,
      3576.9186027736614,
      3568.9629763123785,
      3583.0392250336618,
      3583.4350063168777,
      3584.003776754164,
      3583.7542040061717,
      3564.6319462185847,
      3567.154852718957,
      3560.480853849141,
      3570.7597666688803,
      3574.6114021501476,
      3574.459953832054,
      3569.6967307054488,
      3567.990619085011,
      3558.0867914644386,
      3571.805566807229,
      3564.6455652793984,
      3575.024975370455,
      3457.7112627415036,
      3362.2698287005373,
      3566.8265847306097,
      3573.1442801950234,
      3570.998264864578,
      3571.467588511737,
      3560.868565930697,
      3575.03458767655
    ]
  },
  "always_perf_attacked": {
    "mean_return": 1712.8419007265147,
    "std_return": 1155.4529565743373,
    "mean_allow_perf": 1.0,
    "n_fell": 22,
    "fall_rate": 0.7333333333333333,
    "mean_attacked_steps": 75.0,
    "returns": [
      747.6842375384988,
      713.9640148962573,
      1633.6424081763355,
      1312.8698133907885,
      1262.824465326104,
      900.112437679365,
      3567.047196129938,
      609.9180870926567,
      706.9930113114224,
      3587.924566866935,
      3588.474237141355,
      3571.57556536114,
      3589.4025068291194,
      888.7045852587478,
      1035.9011917110397,
      3573.3408748608854,
      720.7376635109496,
      3569.85707567705,
      724.2755779178848,
      1032.1080059069798,
      1351.247695436652,
      1012.1824655812286,
      1020.7232219198058,
      1466.7071322685315,
      1581.8095853864697,
      519.6059815960393,
      3567.6699551530273,
      1237.7244250623407,
      1270.9080112768925,
      1019.3210255309975
    ]
  },
  "always_backup_clean": {
    "mean_return": 3461.480528656245,
    "std_return": 28.945876257913433,
    "mean_allow_perf": 0.0,
    "n_fell": 1,
    "fall_rate": 0.03333333333333333,
    "mean_attacked_steps": 0.0,
    "returns": [
      3462.4501664014033,
      3498.918716538707,
      3475.184910308104,
      3442.982674216756,
      3455.8308144388943,
      3437.7128779502564,
      3437.009664359344,
      3477.8321083663795,
      3476.0131936864914,
      3505.713733715847,
      3469.3180244309756,
      3520.9681986637906,
      3435.0590400948477,
      3436.590197015899,
      3449.3870466025423,
      3432.5186585790993,
      3443.2567878694404,
      3446.514590913975,
      3517.7287050501795,
      3514.9095034401585,
      3440.1556745783573,
      3456.6699004902043,
      3455.4781125811605,
      3395.3377327402004,
      3493.1342846746184,
      3456.4859794668914,
      3462.809969028601,
      3464.8277294342984,
      3427.8002276624943,
      3455.816636387428
    ]
  },
  "always_backup_attacked": {
    "mean_return": 3453.1628559272062,
    "std_return": 28.31393818451602,
    "mean_allow_perf": 0.0,
    "n_fell": 0,
    "fall_rate": 0.0,
    "mean_attacked_steps": 75.0,
    "returns": [
      3435.641058532147,
      3482.4972297979994,
      3459.451983833425,
      3438.656919162245,
      3470.509461594696,
      3484.066630628249,
      3406.311572377946,
      3475.184816983823,
      3432.6700148780446,
      3451.6308261863846,
      3452.3476246207924,
      3460.170862605901,
      3463.8020133240143,
      3459.370272422467,
      3448.458330614367,
      3438.9335260062794,
      3405.4764268798335,
      3423.7804008091543,
      3519.641058169865,
      3417.721562084608,
      3448.339208268334,
      3441.9053400329913,
      3493.8577247096573,
      3431.1618641563605,
      3444.840922644614,
      3446.87457220459,
      3426.365159829275,
      3429.2266381161776,
      3489.2276011095087,
      3516.7640552324324
    ]
  },
  "anytime_gp_clean": {
    "mean_return": 715.385205909044,
    "std_return": 1064.5740659367934,
    "mean_allow_perf": 0.33645063929134583,
    "n_fell": 27,
    "fall_rate": 0.9,
    "mean_attacked_steps": 0.0,
    "returns": [
      292.1573443407447,
      295.1136801004999,
      298.50804951052044,
      295.9193548964297,
      295.09639549515447,
      305.0018832377253,
      3511.2887091107827,
      304.85434712886956,
      297.9731376558482,
      302.19172850752204,
      298.2727302181656,
      298.7017733738999,
      3555.5890610043753,
      3556.583001194847,
      301.6556211088931,
      3067.4925577202653,
      295.3831418629187,
      301.75479657113476,
      295.73800071616927,
      298.1939026284891,
      298.585729028191,
      297.9877452144382,
      297.69645967290813,
      298.96769614032917,
      297.8933280917352,
      301.9717184971679,
      298.778509656596,
      304.52078633574763,
      295.9496250308954,
      301.7353632200608
    ]
  },
  "anytime_gp_attacked": {
    "mean_return": 1240.5267987051047,
    "std_return": 1275.9752091457672,
    "mean_allow_perf": 0.4965701379158054,
    "n_fell": 24,
    "fall_rate": 0.8,
    "mean_attacked_steps": 67.96666666666667,
    "returns": [
      297.61657801193667,
      295.3512995782933,
      1366.2017571297067,
      2043.0436383240778,
      3576.8840664636423,
      3584.316815737503,
      302.0359802414485,
      1288.7014403399287,
      1308.3819907649126,
      1242.446163663359,
      298.6653140050176,
      298.6603087840895,
      3554.0430783120487,
      1706.0550432263465,
      295.3883932709845,
      295.1433943563534,
      301.5692629622552,
      298.0113378945685,
      304.45715885979433,
      295.57245844938234,
      298.74001369366783,
      298.78737419702367,
      1757.4151710007125,
      298.0570924933545,
      301.58926837647897,
      3589.8915494259013,
      3573.8774596007884,
      3550.719316339535,
      295.58251174318497,
      298.598723906852
    ]
  },
  "adaptive_gp_clean": {
    "mean_return": 3419.2737189471577,
    "std_return": 338.8105440280122,
    "mean_allow_perf": 0.964436475739721,
    "n_fell": 2,
    "fall_rate": 0.06666666666666667,
    "mean_attacked_steps": 0.0,
    "returns": [
      3492.4584225779126,
      3500.6206983422467,
      3498.19007245846,
      2565.961638847156,
      3501.611063956265,
      3490.1137828343394,
      3500.1184365578038,
      3548.3479484496643,
      3491.320293176845,
      3548.4754711222813,
      3490.54438716521,
      3502.4337153961137,
      3512.4442732985285,
      3501.984995599703,
      3505.3581769149755,
      3509.125846144221,
      3530.658810601648,
      3543.3350971651034,
      3499.6122406009895,
      3503.8473491804834,
      3505.1803876719628,
      3503.994509908362,
      3505.763226726304,
      3497.7536152774655,
      3494.894377380753,
      1839.103296082241,
      3500.2777673601795,
      3494.7310605942307,
      3497.1074645822678,
      3502.843142441004
    ]
  },
  "adaptive_gp_attacked": {
    "mean_return": 3197.8256097616963,
    "std_return": 756.2971670627317,
    "mean_allow_perf": 0.935051619941606,
    "n_fell": 6,
    "fall_rate": 0.2,
    "mean_attacked_steps": 75.0,