{
  "always_perf_clean": {
    "mean_return": 3571.4657599079273,
    "std_return": 9.331315292627904,
    "mean_allow_perf": 1.0,
    "n_fell": 0,
    "fall_rate": 0.0,
    "mean_attacked_steps": 0.0,
    "returns": [
      3553.623195478452,
      3558.9549031949764,
      3556.6784978840283,
      3576.361291856074,
      3565.158988284998,
      3563.8686842095294,
      3578.523236080522,
      3562.294372083496,
      3567.5691261966936,
      3580.251597506915,
      3571.739053970027,
      3582.682443766603,
      3568.2391604733934,
      3597.782548361221,
      3574.589191546644,
      3564.8038951156327,
      3569.7988340102715,
      3577.496438032001,
      3576.8428688582285,
      3582.938425207317,
      3566.3570996182134,
      3577.433692192104,
      3563.618150727622,
      3576.5008084538417,
      3577.976165853023,
      3583.4637492150755,
      3572.5512306011115,
      3567.527781559608,
      3560.2883283654082,
      3568.0590385347878
    ]
  },
  "always_perf_attacked": {
    "mean_return": 1373.291121141901,
    "std_return": 1124.9862667550467,
    "mean_allow_perf": 1.0,
    "n_fell": 25,
    "fall_rate": 0.8333333333333334,
    "mean_attacked_steps": 123.9,
    "returns": [
      952.3448659810982,
      2238.269474410246,
      1327.687532814633,
      3578.5360742919866,
      3561.1890966838355,
      1343.1547860622652,
      693.1325881834152,
      649.0174230787237,
      3584.7186351467835,
      3136.6573352413106,
      714.1251737551892,
      3585.61653865313,
      701.6075820761923,
      665.5290953951747,
      1479.839310603161,
      1010.8522306133689,
      699.4186802430228,
      714.8191956840517,
      633.3360043569656,
      749.0487954716647,
      725.7269793554506,
      724.0633277156599,
      653.9580972349016,
      749.4236225022817,
      711.6784856267068,
      402.3553830807666,
      723.2095597229234,
      3587.3643257798585,
      451.1451257541374,
      450.908308738128
    ]
  },
  "always_backup_clean": {
    "mean_return": 3448.747293336031,
    "std_return": 20.950904375799045,
    "mean_allow_perf": 0.0,
    "n_fell": 0,
    "fall_rate": 0.0,
    "mean_attacked_steps": 0.0,
    "returns": [
      3444.568564154923,
      3444.397312102438,
      3396.5719392581973,
      3440.490624904123,
      3418.8516391259,
      3427.629146032433,
      3477.4624765845924,
      3421.465959222484,
      3429.730355283804,
      3456.247715190887,
      3440.465254566204,
      3437.5170143326627,
      3457.443036335166,
      3438.5128545396187,
      3439.34790301533,
      3484.164665234295,
      3445.550322123084,
      3461.225591171612,
      3452.013255904041,
      3494.8414488358044,
      3449.45735396218,
      3439.4641820520246,
      3491.035320842075,
      3445.6623892754924,
      3448.2268963557585,
      3453.6469347149286,
      3435.915236610021,
      3470.6594089557625,
      3450.120716953502,
      3469.7332824415957
    ]
  },
  "always_backup_attacked": {
    "mean_return": 3457.3576816577233,
    "std_return": 26.97954439162975,
    "mean_allow_perf": 0.0,
    "n_fell": 0,
    "fall_rate": 0.0,
    "mean_attacked_steps": 225.0,
    "returns": [
      3508.3010599553054,
      3498.901590319218,
      3443.2646192416732,
      3467.9938761611625,
      3491.5613410696587,
      3442.981395854153,
      3473.1081482455957,
      3428.9086984559713,
      3474.82145027025,
      3466.6537773159307,
      3433.618430986375,
      3438.632413999481,
      3441.571144832013,
      3445.604699056926,
      3467.5345733462623,
      3434.2578957808937,
      3426.5734093557107,
      3494.871754184994,
      3440.104624668968,
      3409.891248178181,
      3444.8923101634573,
      3469.9726990811387,
      3452.393871495811,
      3426.6407409004805,
      3493.5215172461812,
      3501.9392159716654,
      3414.865483750635,
      3458.3558069969654,
      3487.383784570541,
      3441.6088682761065
    ]
  },
  "anytime_gp_clean": {
    "mean_return": 965.2462002617771,
    "std_return": 1252.5040237465007,
    "mean_allow_perf": 0.39500070841982915,
    "n_fell": 25,
    "fall_rate": 0.8333333333333334,
    "mean_attacked_steps": 0.0,
    "returns": [
      295.4241075705135,
      3512.690788981548,
      3497.604015373516,
      298.0904792393007,
      301.99668969817793,
      298.45902249023976,
      295.47775696552213,
      299.4036253146225,
      2740.544247646047,
      294.8864395188715,
      295.8303908269251,
      300.97341888177715,
      295.5102338325648,
      298.747183296351,
      301.20933596971554,
      301.43395437478205,
      298.59194448690056,
      295.8931548082438,
      294.74691162566745,
      3540.7314520358327,
      1687.044580584437,
      295.28403854605295,
      295.2778851862313,
      298.68159937698584,
      3565.493735366122,
      298.73787624752106,
      292.8877980459691,
      295.26436561047075,
      3578.2957331438142,
      292.17324280858446
    ]
  },
  "anytime_gp_attacked": {
    "mean_return": 1144.495162883152,
    "std_return": 1323.4978013621835,
    "mean_allow_perf": 0.45057734102746244,
    "n_fell": 24,
    "fall_rate": 0.8,
    "mean_attacked_steps": 112.7,
    "returns": [
      298.1506862257095,
      295.3734841425946,
      296.08023111308404,
      292.94747495371115,
      301.96484412362463,
      298.69064810857185,
      292.93421523274054,
      296.0790577983503,
      294.7063666146129,
      298.1766366000751,
      3488.1180921785704,
      298.31499610877785,
      298.5490496655511,
      3563.2162457719146,
      296.06940199278966,
      298.1952894371397,
      1399.4543841727605,
      297.84085497688113,
      3519.3557719725836,
      3553.5160728386472,
      3588.407286845491,
      297.8054412207637,
      2953.946328802038,
      295.8586928640152,
      296.5817071145701,
      1035.249430270826,
      297.58828982212486,
      296.1100341252574,
      1767.0678172095284,
      3528.5060541912576
    ]
  },
  "adaptive_gp_clean": {
    "mean_return": 3423.910963598095,
    "std_return": 310.89876291472643,
    "mean_allow_perf": 0.9664236890008229,
    "n_fell": 2,
    "fall_rate": 0.06666666666666667,
    "mean_attacked_steps": 0.0,
    "returns": [
      3495.4002624614473,
      3485.0174636030074,
      2419.613434885245,
      3495.943022769751,
      3496.2852014137243,
      3579.9627402490937,
      3505.6058913748884,
      3506.82680974084,
      3498.3513714544356,
      3504.7383651384935,
      3498.2262558739194,
      3505.258844272734,
      3542.7446041112007,
      2123.0873357131454,
      3494.716170060638,
      3504.6841560949283,
      3490.4135462172026,
      3505.3860257565434,
      3503.2204972466184,
      3493.1205074337995,
      3502.4012875645262,
      3530.85941592119,
      3502.368606618107,
      3500.6246179423897,
      3494.0111481560043,
      3505.9433117519748,
      3503.562012785368,
      3517.2492959144847,
      3509.748068938326,
      3501.9586364788297
    ]
  },
  "adaptive_gp_attacked": {
    "mean_return": 2640.130398353611,
    "std_return": 980.6654516934976,
    "mean_allow_perf": 0.9108340731168183,
    "n_fell": 15,
    "fall_rate": 0.5,
    "mean_attacked_steps": 200.1,