{
  "always_perf_clean": {
    "mean_return": 3623.8699611231164,
    "std_return": 9.629983442674423,
    "mean_allow_perf": 1.0,
    "mean_R_exec": NaN,
    "n_fell": 2,
    "fall_rate": 0.06666666666666667,
    "returns": [
      3618.9317205034745,
      3620.3698460739533,
      3621.54039632885,
      3623.7447078412133,
      3630.0181970464414,
      3615.8858675165416,
      3620.8482572586904,
      3625.704657286285,
      3627.7319375272796,
      3625.683748838628,
      3602.7657759739177,
      3625.3983299450747,
      3615.6067951517525,
      3622.0885240078087,
      3629.594903867936,
      3626.9747053371025,
      3628.1721634640194,
      3621.412275017677,
      3633.168531661675,
      3612.203972085648,
      3618.217251577132,
      3631.5206846880073,
      3605.3617128393853,
      3625.8045714055547,
      3615.532310266673,
      3627.9969458928445,
      3658.683112071301,
      3629.2659644691757,
      3628.8324695167985,
      3627.0384982326564
    ]
  },
  "always_perf_attacked": {
    "mean_return": 2181.338503501143,
    "std_return": 1465.0223431894717,
    "mean_allow_perf": 1.0,
    "mean_R_exec": NaN,
    "n_fell": 15,
    "fall_rate": 0.5,
    "returns": [
      660.9864792937063,
      709.8757456713122,
      3618.6879686939837,
      3622.8620565710303,
      3638.4971282889455,
      397.9893451318117,
      3643.8332314836753,
      412.01924418171274,
      713.9720825178742,
      3630.223570810023,
      3622.8466461646217,
      3620.6785788756733,
      3618.710088336163,
      401.6990991331322,
      1153.0146567748684,
      3636.446749942688,
      674.419548598929,
      3629.706877544779,
      505.64333897672213,
      3622.8427944218042,
      3631.719013497754,
      690.3810563339028,
      717.3069536932435,
      3630.76479084711,
      1382.0636830775838,
      381.75678106384083,
      818.9748749165964,
      3621.7977562946226,
      3639.615004125129,
      1390.8199597710434
    ]
  },
  "always_backup_clean": {
    "mean_return": 2075.5085089127115,
    "std_return": 834.5314895541037,
    "mean_allow_perf": 0.0,
    "mean_R_exec": NaN,
    "n_fell": 26,
    "fall_rate": 0.8666666666666667,
    "returns": [
      1414.2237786982494,
      3323.038988453818,
      2925.030071765167,
      1345.7234115182764,
      3732.861790596325,
      3728.4270828980366,
      1762.3802227580256,
      1455.6532137356842,
      1501.876595659054,
      2032.1320210053088,
      1374.5488415444358,
      1654.038801579,
      2652.45391083343,
      1437.7722369799926,
      1233.448140416151,
      1449.8957704292338,
      1484.8084134841006,
      3693.508391990106,
      1663.6251730811093,
      2484.1023873895683,
      1653.1130987199138,
      1404.9383892562753,
      1854.177718119951,
      1358.6778464870035,
      3081.641539532207,
      3664.674233203686,
      1769.083737405259,
      2096.399893378371,
      1301.1203228012814,
      1731.8792436623194
    ]
  },
  "always_backup_attacked": {
    "mean_return": 2722.2683564494973,
    "std_return": 990.0236422853602,
    "mean_allow_perf": 0.0,
    "mean_R_exec": NaN,
    "n_fell": 22,
    "fall_rate": 0.7333333333333333,
    "returns": [
      1171.8937432838536,
      2371.6115766804583,
      1382.4188315739489,
      3807.139109936955,
      3743.9741369606904,
      3713.935223670164,
      3223.530738554796,
      3719.206450544511,
      3744.9910190359096,
      1371.279345724989,
      3714.5894759149446,
      3821.031684854626,
      3663.6695697320883,
      2293.4919698716494,
      1321.7950437244037,
      2005.549639509169,
      1588.4176316134756,
      1619.6491240424057,
      3427.9692382771655,
      2565.9608896686364,
      3682.597973166293,
      3280.9568557597836,
      3279.196671332236,
      1156.6134961670448,
      1462.0638521285875,
      1353.1427521984779,
      3359.5103476174486,
      3060.1791078562865,
      3659.2581756809345,
      3102.427018403008
    ]
  },
  "anytime_switcher_clean": {
    "mean_return": 3572.1012718790266,
    "std_return": 265.2433990376375,
    "mean_allow_perf": 0.8961054559148899,
    "mean_R_exec": 0.30465122652073645,
    "n_fell": 2,
    "fall_rate": 0.06666666666666667,
    "returns": [
      3623.213138538939,
      3618.110791940259,
      3638.2336883982166,
      3632.9980636261475,
      3627.4018475232115,
      3619.211716905054,
      3615.8074169253487,
      3626.201160661003,
      3628.5658609062084,
      3635.2861825567607,
      2184.69611416729,
      3628.594692411749,
      3620.928050175052,
      3624.5265658715757,
      3653.512935238363,
      3638.109763775382,
      3631.853330745352,
      3293.0389528868436,
      3623.4390127041343,
      3630.5834767002234,
      3629.286846301597,
      3635.6912818302353,
      3633.9438762101086,
      3636.2979429501256,
      3712.4542084402933,
      3626.997384844396,
      3613.2803073594396,
      3617.725526960652,
      3631.3356390455197,
      3631.7123797713184
    ]
  },
  "anytime_switcher_attacked": {
    "mean_return": 3074.6009689690422,
    "std_return": 918.7328148604552,
    "mean_allow_perf": 0.8587489830619629,
    "mean_R_exec": 0.28351521110234656,
    "n_fell": 10,
    "fall_rate": 0.3333333333333333,
    "returns": [
      3622.7713487353644,
      3620.299170560973,
      3629.042064353789,
      3649.992774078951,
      3624.42142366292,
      3626.4139242630426,
      3633.6827308792895,
      3628.3030785355327,
      3637.602575887723,
      3635.502878309656,
      3646.5288834244584,
      1050.2964192122452,
      3639.3003908557503,
      3651.9743086155736,
      3617.7110213993315,
      1404.7868412197715,
      2196.3128267214042,
      2334.842613123593,
      3630.078909793801,
      3635.7369483449643,
      3629.7681339671635,
      3419.641806203946,
      3633.494795174789,
      1121.0634130794829,
      3638.123905978626,
      2018.989048881556,
      3276.999338202161,
      3630.53956406664,
      1269.3326544743877,
      1484.47527706437
    ]
  }
}