{
  "always_perf_clean": {
    "mean_return": 3630.3975957375137,
    "std_return": 16.990031640752157,
    "mean_allow_perf": 1.0,
    "mean_R_exec": NaN,
    "n_fell": 1,
    "fall_rate": 0.03333333333333333,
    "returns": [
      3602.684130729568,
      3630.1192465845047,
      3622.1665324394116,
      3634.9002926131766,
      3618.941521845393,
      3631.204105091643,
      3629.564483224152,
      3632.809896933706,
      3635.2228914666407,
      3634.1413798872254,
      3629.4471515513987,
      3625.1957028102506,
      3680.1926325765608,
      3625.179468206398,
      3614.569925748116,
      3620.9608527991204,
      3603.1784204055134,
      3626.5628797627046,
      3624.9318407836745,
      3651.483555322426,
      3632.824389803206,
      3624.849193716634,
      3627.2164401656505,
      3631.2154126269174,
      3629.189181929549,
      3687.989114840975,
      3632.191154642022,
      3619.073424701299,
      3628.1510732154206,
      3625.771575702139
    ]
  },
  "always_perf_attacked": {
    "mean_return": 2054.844662549708,
    "std_return": 1411.5184298196973,
    "mean_allow_perf": 1.0,
    "mean_R_exec": NaN,
    "n_fell": 17,
    "fall_rate": 0.5666666666666667,
    "returns": [
      3623.097992608536,
      3627.6607370528372,
      3623.4176251136987,
      699.123615633383,
      3615.714932636501,
      711.3211280550015,
      3618.3298513488235,
      3629.738198536204,
      1378.6642848574224,
      625.2415926587736,
      2000.7526155600137,
      726.6080948475969,
      685.23999451542,
      1190.2382654428313,
      584.2228893016666,
      3629.1533122691194,
      1054.017430952857,
      436.9092952577075,
      3635.2227319072554,
      3621.430431100209,
      1515.1857178969265,
      695.0934004111904,
      700.5523778513312,
      3639.7584851810775,
      375.3513190913464,
      3639.120827264481,
      417.55320214739965,
      3629.14965802923,
      3620.310438413233,
      697.1594305491667
    ]
  },
  "always_backup_clean": {
    "mean_return": 2486.968466873094,
    "std_return": 1008.888766409163,
    "mean_allow_perf": 0.0,
    "mean_R_exec": NaN,
    "n_fell": 21,
    "fall_rate": 0.7,
    "returns": [
      3667.511580767522,
      3691.1425809981183,
      1696.866740352781,
      3261.064379354009,
      3807.016866319552,
      3260.339966327007,
      2905.2795835081665,
      3680.816929862928,
      1366.1402870918937,
      1749.2562964097394,
      1685.4796661975813,
      3694.5553973095566,
      3745.2912962770706,
      2290.581960553076,
      1665.5011432377582,
      3748.6509305525688,
      1421.7224197226421,
      1386.9160849327077,
      1221.154433173129,
      1718.3295198707754,
      1924.5771043956147,
      1349.7307847890145,
      1330.4399072909328,
      1444.1223994414888,
      2745.775330327344,
      1716.876558519883,
      3654.324360576448,
      3699.5833965596626,
      1385.3503858448164,
      3694.6557156290364
    ]
  },
  "always_backup_attacked": {
    "mean_return": 2296.3627740655497,
    "std_return": 944.6863594860818,
    "mean_allow_perf": 0.0,
    "mean_R_exec": NaN,
    "n_fell": 25,
    "fall_rate": 0.8333333333333334,
    "returns": [
      1714.651637219818,
      1252.5179560225972,
      1612.2038177103666,
      1811.43292061726,
      2306.08058925567,
      1591.3481040078261,
      3687.103175099946,
      1611.691088720955,
      1451.8399785875874,
      1556.536570743701,
      3775.698941537951,
      1393.4243603678397,
      3768.501295779821,
      1461.371049220979,
      3448.9951016519067,
      2779.6579362499087,
      1459.8161440399565,
      1664.5710476550175,
      1527.605273504211,
      1676.8379987873134,
      3677.342343962337,
      2751.3860427539803,
      1581.0454909676337,
      1622.5171818449346,
      3652.6671846229624,
      3679.089099469004,
      1739.1941537035,
      1507.9223554614446,
      3553.7498020038474,
      3574.084580396212
    ]
  },
  "anytime_switcher_clean": {
    "mean_return": 3516.2282339394237,
    "std_return": 438.3785410617545,
    "mean_allow_perf": 0.892021938232162,
    "mean_R_exec": 0.3015777972692598,
    "n_fell": 2,
    "fall_rate": 0.06666666666666667,
    "returns": [
      3638.5133817846054,
      3630.927131651046,
      3634.32504465549,
      1509.3073631225388,
      3614.4540162623653,
      3631.8858153689443,
      3632.385007971762,
      3630.1045085816977,
      3634.8409593851966,
      3615.075108635976,
      3633.6857823305227,
      3633.050351137166,
      3623.2403192541033,
      3616.556458817452,
      3633.1391122624077,
      3635.4339007205554,
      3634.5730881017325,
      2343.6663099671096,
      3633.669056929154,
      3634.3239715871173,
      3616.683789677747,
      3620.1044908599397,
      3635.2956616635865,
      3629.664578851012,
      3633.933290458055,
      3630.6718205583147,
      3624.423553072757,
      3643.332581076767,
      3621.364543766149,
      3638.216019671446
    ]
  },
  "anytime_switcher_attacked": {
    "mean_return": 3092.5784020772867,
    "std_return": 952.2985729602901,
    "mean_allow_perf": 0.8583112616002937,
    "mean_R_exec": 0.29658203576147174,
    "n_fell": 8,
    "fall_rate": 0.26666666666666666,
    "returns": [
      3628.3091293196776,
      1493.4850695482476,
      3645.6284429828142,
      3645.661958968317,
      3628.681452361582,
      3632.446116353076,
      1358.4469568814359,
      3655.4277011071517,
      1392.612048568778,
      3118.223322678319,
      1507.7041616404779,
      3688.086898866809,
      3632.3617701876606,
      3646.600441499924,
      3629.6090379802295,
      3646.42226027262,
      1348.8876606803021,
      3620.1993563127057,
      1227.5394554275804,
      1307.7505235171236,
      3620.933439295753,
      3634.493338829681,
      3633.44575355095,
      3626.621304789574,
      3637.5160835654633,
      3639.9941873922958,
      3640.009139764715,
      3622.725616582701,
      3618.54748506882,
      3648.981948323828
    ]
  }
}