{
  "always_perf_clean": {
    "mean_return": 3574.971394305517,
    "std_return": 15.319352779200381,
    "mean_allow_perf": 1.0,
    "n_fell": 1,
    "fall_rate": 0.03333333333333333,
    "mean_attacked_steps": 0.0,
    "returns": [
      3569.9493487609375,
      3571.18299494963,
      3566.872913949934,
      3568.7976883687966,
      3573.337699238511,
      3562.9010781250045,
      3579.4177209052355,
      3576.482757544818,
      3563.163170723883,
      3577.3856052125343,
      3564.605687605293,
      3575.3380930284247,
      3572.9657718389135,
      3586.7937454477637,
      3585.319132272777,
      3567.693381783838,
      3575.8737868990693,
      3649.1248256590716,
      3580.849719126892,
      3570.638935124431,
      3561.7222029478767,
      3559.3540162030035,
      3577.9176686666588,
      3581.210324317845,
      3567.038269271554,
      3570.475989285015,
      3573.238472489925,
      3576.131015146202,
      3576.209281014252,
      3567.1505332574357
    ]
  },
  "always_perf_attacked": {
    "mean_return": 3572.11077874102,
    "std_return": 8.16057138784034,
    "mean_allow_perf": 1.0,
    "n_fell": 0,
    "fall_rate": 0.0,
    "mean_attacked_steps": 79.0,
    "returns": [
      3573.4919877760126,
      3559.9432895060186,
      3574.7627465958803,
      3557.605489876365,
      3573.62148739766,
      3560.973051311705,
      3571.4658615913986,
      3560.914047520656,
      3572.3379214000124,
      3583.206052243789,
      3571.8117009234984,
      3575.0370605465673,
      3574.8622567103575,
      3580.292730657756,
      3568.1549357159984,
      3568.8647279707598,
      3569.4897955243646,
      3574.246124836285,
      3586.4073958530053,
      3575.758090313532,
      3572.160564435064,
      3559.0358746379793,
      3574.157171201795,
      3571.300399411104,
      3571.890156609763,
      3590.188800221595,
      3565.8981614427125,
      3590.1793299304572,
      3569.7395433784536,
      3565.526606690036
    ]
  },
  "always_backup_clean": {
    "mean_return": 3448.010494065429,
    "std_return": 19.76707767940036,
    "mean_allow_perf": 0.0,
    "n_fell": 0,
    "fall_rate": 0.0,
    "mean_attacked_steps": 0.0,
    "returns": [
      3431.9192487958867,
      3463.7846987189237,
      3429.8679462213977,
      3450.8936830523294,
      3473.68973702466,
      3456.868338802011,
      3464.071348131234,
      3444.4120735102288,
      3442.6513388832414,
      3431.25208619001,
      3443.169463820492,
      3437.1526707682756,
      3434.3274669043176,
      3412.083882641042,
      3423.4089778652856,
      3451.0079685722285,
      3471.3723889694097,
      3413.402435219137,
      3498.4906610158864,
      3455.4835176490087,
      3457.3408098994983,
      3410.6272277048524,
      3445.473057157688,
      3466.6601148027185,
      3440.90612139433,
      3448.136124520981,
      3465.5930802740195,
      3474.8153776193703,
      3455.5102677417453,
      3445.94270809267
    ]
  },
  "always_backup_attacked": {
    "mean_return": 3453.963462804204,
    "std_return": 27.981349492838937,
    "mean_allow_perf": 0.0,
    "n_fell": 0,
    "fall_rate": 0.0,
    "mean_attacked_steps": 79.0,
    "returns": [
      3422.0901626600835,
      3439.7008201199264,
      3477.5590830993333,
      3456.459234750048,
      3506.220952878121,
      3499.279370577161,
      3427.785398700334,
      3489.31043061844,
      3445.2931878498753,
      3488.4861566328987,
      3454.392098391608,
      3398.8973358008807,
      3456.1545776611697,
      3431.007310863369,
      3426.3890068437563,
      3480.4703161261227,
      3443.929219725382,
      3436.7677259895136,
      3430.9190470036006,
      3414.8979424058048,
      3420.7512753746864,
      3468.4443676913575,
      3504.7967811389035,
      3457.9791817392233,
      3442.637714461193,
      3472.8517303425238,
      3450.2420348445908,
      3446.6587779144425,
      3492.213639532989,
      3436.3190023887832
    ]
  },
  "anytime_gp_clean": {
    "mean_return": 613.4715884809413,
    "std_return": 869.7946636862954,
    "mean_allow_perf": 0.32885000106852186,
    "n_fell": 28,
    "fall_rate": 0.9333333333333333,
    "mean_attacked_steps": 0.0,
    "returns": [
      295.7718018650214,
      300.9410685307192,
      295.3736534337672,
      298.6731476405602,
      292.0700570279354,
      295.1177461610803,
      301.50395655065125,
      298.39723059751566,
      298.11574226222154,
      294.6486664632486,
      298.0202712726937,
      298.92438890900144,
      298.2514602771142,
      297.9908272020498,
      3513.6280335224938,
      301.41224333808145,
      1362.495798750426,
      3537.4326508330914,
      302.3320591362929,
      299.0930464394029,
      2225.2768674299027,
      302.02130638327355,
      301.36669127738736,
      305.00337860448275,
      298.1024720821141,
      299.1184776030133,
      295.7010536169834,
      297.9460231827329,
      297.728598436181,
      301.68893559879814
    ]
  },
  "anytime_gp_attacked": {
    "mean_return": 1296.3516234920603,
    "std_return": 1257.1652293049328,
    "mean_allow_perf": 0.5259686286907367,
    "n_fell": 24,
    "fall_rate": 0.8,
    "mean_attacked_steps": 30.1,
    "returns": [
      297.5842326805433,
      301.7651554842163,
      1402.2476361268662,
      298.06822864751047,
      298.07985272717605,
      1737.1305601453128,
      296.0769428316565,
      1412.7258722512388,
      1495.9947100228542,
      298.62472483183376,
      301.7427081989149,
      3548.2464220171414,
      300.8221333503523,
      306.0082328857516,
      295.39814078479236,
      298.06243001172254,
      297.5192049145149,
      305.1544966398066,
      3541.6659002665765,
      1724.044980884185,
      3537.326112215725,
      1778.0921870337513,
      3463.8233018273827,
      2190.8946346640582,
      297.9555020845624,
      300.98891927040734,
      1160.1783686181432,
      297.82150536350895,
      3580.760620745377,
      3525.7449872359225
    ]
  },
  "adaptive_gp_clean": {
    "mean_return": 3373.9688944709824,
    "std_return": 483.69972579658906,
    "mean_allow_perf": 0.9657321622121766,
    "n_fell": 2,
    "fall_rate": 0.06666666666666667,
    "mean_attacked_steps": 0.0,
    "returns": [
      3490.73850100382,
      3509.276978777781,
      1491.3147186696283,
      3490.268105484503,
      3515.5614747221584,
      3503.07854359948,
      3510.442847213599,
      3531.5526385587873,
      3504.0544687260476,
      3502.5233813822038,
      3497.43860670739,
      3498.1944671906294,
      3496.292149176729,
      3489.5676007264096,
      3502.821836230038,
      3499.713590677874,
      3503.843771338992,
      3503.579108753308,
      1640.3770730056553,
      3499.5697160335453,
      3498.6153100992838,
      3493.1724675244554,
      3494.8622602252995,
      3502.4251354470257,
      3511.087153955547,
      3518.3699522864013,
      3504.3775604151965,
      3506.2400285915833,
      3503.493568591297,
      3506.2138190147884
    ]
  },
  "adaptive_gp_attacked": {
    "mean_return": 3517.0816984433864,
    "std_return": 25.753361561367917,
    "mean_allow_perf": 0.9735000000000001,
    "n_fell": 0,
    "fall_rate": 0.0,
    "mean_attacked_steps": 79.0,