{
  "always_perf_clean": {
    "mean_return": 3570.59815787321,
    "std_return": 9.352643548907194,
    "mean_allow_perf": 1.0,
    "n_fell": 0,
    "fall_rate": 0.0,
    "mean_attacked_steps": 0.0,
    "returns": [
      3576.017133098481,
      3585.772911899766,
      3564.6533961218515,
      3569.465582794108,
      3571.3571852974733,
      3568.3797752890405,
      3553.6558925706495,
      3580.710342538214,
      3574.5151845365453,
      3569.6495779517313,
      3558.5527880496256,
      3576.0061298051055,
      3555.947455385177,
      3563.414102468106,
      3580.51544716763,
      3572.7668986436365,
      3573.695668507889,
      3560.2272298682037,
      3576.487417089868,
      3563.0474843133616,
      3576.754777761096,
      3571.410337652571,
      3568.365339414212,
      3570.331473007661,
      3565.1420047552497,
      3594.2198400806096,
      3549.925463966519,
      3579.8436844736634,
      3572.4077863159773,
      3574.706425372282
    ]
  },
  "always_perf_attacked": {
    "mean_return": 3475.525626395988,
    "std_return": 515.8197537927969,
    "mean_allow_perf": 1.0,
    "n_fell": 2,
    "fall_rate": 0.06666666666666667,
    "mean_attacked_steps": 77.33333333333333,
    "returns": [
      3575.070251150151,
      3581.5680389126987,
      3575.757479723367,
      3569.9349742552267,
      3556.073856898218,
      3578.220235556407,
      3588.2628443562367,
      3583.3968333249295,
      3573.7331333848665,
      3567.527524777267,
      3571.6912019423967,
      3582.924974798939,
      3584.6103727363698,
      3576.2437720770076,
      3578.330789925114,
      3585.245365873271,
      3572.1845527418473,
      3583.4247693109533,
      3589.853841016645,
      3584.837772138493,
      3570.5208558906475,
      3572.689824775176,
      3437.4097377834455,
      3568.070060479814,
      3559.8853771197246,
      3571.1570782334893,
      3578.070254426021,
      3570.17711373106,
      701.2835890551142,
      3577.6123154847346
    ]
  },
  "always_backup_clean": {
    "mean_return": 3571.7130392382696,
    "std_return": 9.840885752521306,
    "mean_allow_perf": 0.0,
    "n_fell": 0,
    "fall_rate": 0.0,
    "mean_attacked_steps": 0.0,
    "returns": [
      3576.6849310093326,
      3572.3691570165092,
      3577.1743468628606,
      3581.7512911354193,
      3572.6613836935053,
      3574.955601164992,
      3554.044044394176,
      3584.4889993392667,
      3575.487561341719,
      3572.9296444173247,
      3554.8814859179847,
      3571.4867800153725,
      3581.9588762629623,
      3556.187597170552,
      3582.4396535618157,
      3559.0416376136445,
      3572.5880228390483,
      3557.1012024897445,
      3580.688837172678,
      3581.9119792896827,
      3575.399713656084,
      3546.5222526709017,
      3561.394314394013,
      3576.441912534495,
      3567.816172395156,
      3575.242664165465,
      3574.1956191490654,
      3578.360193920929,
      3574.5101282034416,
      3580.675173349955
    ]
  },
  "always_backup_attacked": {
    "mean_return": 3570.8282694727313,
    "std_return": 9.543249182980714,
    "mean_allow_perf": 0.0,
    "n_fell": 0,
    "fall_rate": 0.0,
    "mean_attacked_steps": 79.0,
    "returns": [
      3564.280139359558,
      3560.386875921433,
      3559.8772298820095,
      3574.9716288463624,
      3569.7002774678917,
      3574.151575230544,
      3575.5687290214846,
      3588.324313552572,
      3555.590629770637,
      3567.700057315225,
      3571.6191151423604,
      3571.070163114719,
      3580.7454937012144,
      3568.937742143216,
      3575.614607424578,
      3579.301995847823,
      3568.2625729719857,
      3573.5061893946186,
      3567.6775395287154,
      3567.1277296868107,
      3556.499502195673,
      3571.9743840763595,
      3565.8745345196116,
      3549.394479835986,
      3570.6181145217606,
      3598.2088308221378,
      3566.3706920785316,
      3574.536081547379,
      3574.315228821592,
      3582.641630439153
    ]
  },
  "anytime_rs_clean": {
    "mean_return": 3573.2724934339885,
    "std_return": 7.69842800450157,
    "mean_allow_perf": 0.8989000000000001,
    "n_fell": 0,
    "fall_rate": 0.0,
    "mean_attacked_steps": 0.0,
    "returns": [
      3569.962544354769,
      3569.569243386469,
      3577.490506943536,
      3581.643754829898,
      3569.726869732738,
      3583.440412076248,
      3569.0957085563505,
      3577.4733830956275,
      3565.8617646056928,
      3566.2609653588984,
      3571.6084838872343,
      3566.901043644025,
      3599.4945136823335,
      3578.5265111123135,
      3573.8262607687284,
      3572.267473190258,
      3573.499980137953,
      3568.943946919925,
      3552.179331974409,
      3575.182852838984,
      3568.0301303732867,
      3580.6108066081692,
      3575.3568883359926,
      3573.8696837874236,
      3572.0260528586,
      3565.449326515504,
      3578.977482406005,
      3574.504184823585,
      3572.882346659753,
      3573.5123495549465
    ]
  },
  "anytime_rs_attacked": {
    "mean_return": 3514.0868345406866,
    "std_return": 291.5051975210529,
    "mean_allow_perf": 0.8957263055929637,
    "n_fell": 2,
    "fall_rate": 0.06666666666666667,
    "mean_attacked_steps": 77.73333333333333,
    "returns": [
      3564.580736026193,
      3578.1864791601815,
      3581.1773620086306,
      3421.379784129049,
      3574.241933103145,
      3571.997460259196,
      3556.041153603831,
      3579.936144445034,
      3576.567176910653,
      3562.173456945974,
      3579.0194930329194,
      3571.2745601616234,
      3568.107649019714,
      3589.180488592399,
      3568.677201638202,
      3576.404619748602,
      3576.218232003802,
      3570.9683574199025,
      3567.6547605599,
      3569.0817277241936,
      3573.1601749363217,
      3573.002771629803,
      3568.494454107175,
      3576.0498033503127,
      3572.8190623372416,
      3575.4336856930577,
      3572.7101001319534,
      3578.8389449782567,
      1951.502552765423,
      3577.724709797914
    ]
  },
  "adaptive_rs_clean": {
    "mean_return": 3571.419469527554,
    "std_return": 6.679348627321126,
    "mean_allow_perf": 0.9764999999999998,
    "n_fell": 0,
    "fall_rate": 0.0,
    "mean_attacked_steps": 0.0,
    "returns": [
      3575.179529362398,
      3569.3623597081596,
      3564.454881634336,
      3569.4447230086707,
      3578.362164986909,
      3578.630293622015,
      3579.2957283298333,
      3561.5799776650506,
      3564.211695635883,
      3566.730634485259,
      3569.4887875829313,
      3572.6652118290563,
      3584.6568695500023,
      3568.4518900226694,
      3568.0939060234073,
      3573.9631186483175,
      3583.7360013628913,
      3572.6194915166134,
      3567.0364029403063,
      3574.741257385927,
      3568.0277834183216,
      3580.8746945913476,
      3570.552109625504,
      3572.1497307578356,
      3562.0129635596722,
      3559.8917118481654,
      3565.4372184682625,
      3583.006600076904,
      3564.561673493908,
      3573.3646746860904
    ]
  },
  "adaptive_rs_attacked": {
    "mean_return": 3513.4255720134474,
    "std_return": 320.26596610467226,
    "mean_allow_perf": 0.958879195973535,
    "n_fell": 2,
    "fall_rate": 0.06666666666666667,
    "mean_attacked_steps": 77.2,