{
  "always_perf_clean": {
    "mean_return": 3495.0361666398244,
    "std_return": 348.7840400519157,
    "mean_allow_perf": 1.0,
    "n_fell": 2,
    "fall_rate": 0.06666666666666667,
    "mean_attacked_steps": 0.0,
    "returns": [
      3575.2507720466747,
      3564.209555522024,
      3562.4546751326834,
      3565.0062054911978,
      3575.2644977769037,
      3568.3286345776287,
      3558.975589603053,
      3578.607180238763,
      3576.500983885056,
      3260.4415188813523,
      3564.2204894923784,
      3564.7040552536996,
      3558.662768123066,
      3571.6858197565202,
      3570.1792742937296,
      3576.067008997638,
      3559.983472250038,
      1641.050262928306,
      3575.833138196442,
      3559.8491727608002,
      3573.779486912357,
      3570.2939751203107,
      3585.440757294409,
      3570.541869737449,
      3573.9474219068575,
      3582.373845022488,
      3570.437172034742,
      3560.4852955190413,
      3564.6538978869244,
      3571.8562025522165
    ]
  },
  "always_perf_attacked": {
    "mean_return": 1697.46259438209,
    "std_return": 1213.541055965991,
    "mean_allow_perf": 1.0,
    "n_fell": 22,
    "fall_rate": 0.7333333333333333,
    "mean_attacked_steps": 75.0,
    "returns": [
      708.6930783355102,
      698.0665759606383,
      1018.6568961505227,
      1642.7606679263718,
      3587.130745999929,
      404.6587592438972,
      1353.968702918616,
      713.6515248196556,
      704.7808116126405,
      3594.80436622062,
      1007.5655022285466,
      3588.2182652988395,
      3565.7624383802504,
      556.7488240949176,
      1035.8097760881278,
      3564.410581770265,
      1029.1714821868513,
      3573.8245989585034,
      722.735450639549,
      1954.8134140115615,
      1777.0361578774014,
      430.8435403814236,
      672.3529457191963,
      935.3520948709037,
      2371.479313659762,
      667.3557604879934,
      964.3469439136618,
      3585.7838098388975,
      902.4360949063491,
      3590.6587069613083
    ]
  },
  "always_backup_clean": {
    "mean_return": 3458.224107289224,
    "std_return": 28.547222287778382,
    "mean_allow_perf": 0.0,
    "n_fell": 0,
    "fall_rate": 0.0,
    "mean_attacked_steps": 0.0,
    "returns": [
      3466.65075911749,
      3513.0576092205615,
      3454.191242604048,
      3473.525228192076,
      3453.025629943687,
      3416.28053237089,
      3429.7476268593305,
      3500.3751927093967,
      3472.8920424257194,
      3407.7026469384023,
      3446.0303424864064,
      3452.819782689272,
      3439.361339983657,
      3527.592454930833,
      3440.1246355914427,
      3461.7074760844725,
      3451.8196479268995,
      3425.9836651603864,
      3479.1546928807506,
      3450.3943933747023,
      3437.2268240737035,
      3412.220851633779,
      3461.1402988954524,
      3491.790043991496,
      3452.727771532493,
      3491.53288138674,
      3486.140812144907,
      3426.329950161056,
      3457.7530618141172,
      3467.423781552557
    ]
  },
  "always_backup_attacked": {
    "mean_return": 3454.1325438047234,
    "std_return": 28.55550352859713,
    "mean_allow_perf": 0.0,
    "n_fell": 0,
    "fall_rate": 0.0,
    "mean_attacked_steps": 75.0,
    "returns": [
      3460.448298094868,
      3460.7800465896566,
      3451.1970216336886,
      3483.9361173269485,
      3448.551922611123,
      3463.1409959979997,
      3416.809785291626,
      3422.7071717082513,
      3424.3955493023864,
      3411.681604725385,
      3438.620388019069,
      3427.021394380036,
      3488.1108563992752,
      3479.1022369321304,
      3468.3547907184943,
      3457.10691986039,
      3504.352899590773,
      3440.7392629098667,
      3487.1072917628026,
      3470.4924645080973,
      3431.8433736963884,
      3442.2899522585944,
      3490.3428379829115,
      3465.5082466932568,
      3484.3500135389468,
      3445.7580384722464,
      3430.325071935179,
      3379.7844607226843,
      3449.1483136052448,
      3499.968986873387
    ]
  },
  "anytime_gp_clean": {
    "mean_return": 1116.4699429351847,
    "std_return": 1344.5960204988094,
    "mean_allow_perf": 0.4329228148522843,
    "n_fell": 23,
    "fall_rate": 0.7666666666666667,
    "mean_attacked_steps": 0.0,
    "returns": [
      304.6745989292866,
      3478.2022945678355,
      1344.27313742958,
      297.3925470388553,
      3500.7309324941493,
      298.86071475954276,
      297.9908882437868,
      297.97256055423696,
      3532.34087911108,
      301.85576923318723,
      3549.921152202344,
      298.59052417466154,
      302.27979047455455,
      298.7234886181621,
      297.8566147436413,
      3491.4455407561163,
      297.6660251479507,
      297.7572112957252,
      298.40165989233253,
      3552.17097832467,
      298.25764999621305,
      298.53162458031437,
      295.5886517641866,
      301.5134273800487,
      3466.7121538977076,
      1300.2772852136834,
      297.9401058675527,
      298.5063958937877,
      296.2179756320054,
      301.4457098383411
    ]
  },
  "anytime_gp_attacked": {
    "mean_return": 1425.8236279682706,
    "std_return": 1418.8282180536892,
    "mean_allow_perf": 0.5178403903398532,
    "n_fell": 22,
    "fall_rate": 0.7333333333333333,
    "mean_attacked_steps": 68.76666666666667,
    "returns": [
      2797.814471288294,
      297.64893775890056,
      297.7855765032405,
      297.61063075775223,
      298.55424830056194,
      3556.96957189916,
      3548.002297223595,
      1748.942094157867,
      298.70710950064495,
      295.50569857182273,
      297.9511913140838,
      307.6620299375438,
      2033.1411175855242,
      928.6884494628368,
      295.18733314039446,
      294.7767464466593,
      296.6540081482151,
      3532.9073127293755,
      3545.5157975564243,
      3512.271290031782,
      295.8023799386586,
      307.6361728784001,
      1795.0686555775578,
      296.1030207822812,
      3547.4552970772465,
      3552.832179065868,
      3594.773919537057,
      302.11009867975946,
      298.73895573012044,
      301.8922474664823
    ]
  },
  "adaptive_gp_clean": {
    "mean_return": 3441.1795015034863,
    "std_return": 263.3560264364083,
    "mean_allow_perf": 0.965412658227848,
    "n_fell": 2,
    "fall_rate": 0.06666666666666667,
    "mean_attacked_steps": 0.0,
    "returns": [
      3540.4072368615584,
      3572.678817416062,
      3502.859359826827,
      3494.3486743140447,
      3493.5851630466846,
      3501.607061162511,
      3486.3123132310275,
      3501.0370842646507,
      3503.2957153149664,
      3499.109833576965,
      3548.0250328793413,
      3502.649401973823,
      3493.8234113738326,
      3502.669015739385,
      3509.2794388114976,
      3490.339637561695,
      3506.212948305831,
      3503.561510304563,
      3498.5464695286437,
      3559.2689089054434,
      3491.479003113039,
      2259.062916703887,
      3503.858196503967,
      3560.318896944371,
      2707.858481516209,
      3497.9026488105587,
      3500.3691426185023,
      3500.7770808696077,
      3498.095260664933,
      3506.046382960186
    ]
  },
  "adaptive_gp_attacked": {
    "mean_return": 3317.408054238587,
    "std_return": 666.1426184638742,
    "mean_allow_perf": 0.9447647424300265,
    "n_fell": 3,
    "fall_rate": 0.1,
    "mean_attacked_steps": 75.0,