{
  "always_perf_clean": {
    "mean_return": 3613.4584787018157,
    "std_return": 58.72190708286129,
    "mean_allow_perf": 1.0,
    "mean_R_exec": NaN,
    "n_fell": 1,
    "fall_rate": 0.03333333333333333,
    "returns": [
      3631.3839512400173,
      3617.533258755577,
      3634.3194717070505,
      3614.674331648486,
      3627.757866716475,
      3617.1005003270566,
      3634.9932651656104,
      3299.236913643111,
      3618.718034546982,
      3626.7218599543216,
      3631.296244405531,
      3617.0375646014204,
      3615.3880043488994,
      3634.124579416624,
      3632.6109394522373,
      3631.974692621651,
      3615.786844379045,
      3620.5277058006423,
      3627.945450923074,
      3619.403274246994,
      3628.4578966364625,
      3612.3363973112982,
      3616.246190185094,
      3622.0896405610547,
      3622.661170000942,
      3624.1930453087566,
      3627.341033446389,
      3628.9131227248345,
      3625.6918082238108,
      3627.289302755035
    ]
  },
  "always_perf_attacked": {
    "mean_return": 2571.521126545244,
    "std_return": 1380.2684904515165,
    "mean_allow_perf": 1.0,
    "mean_R_exec": NaN,
    "n_fell": 12,
    "fall_rate": 0.4,
    "returns": [
      1054.661159900695,
      734.1696854767969,
      3628.270850396522,
      3605.597503209283,
      3621.8667080866308,
      423.25523758484826,
      3624.2172038890535,
      707.9784286670068,
      708.6817257112368,
      3624.5414730277407,
      3628.461271919123,
      3625.383105013559,
      3634.2953718640742,
      755.6835488049932,
      3620.2169282614204,
      3616.5177067589866,
      3531.2777427910996,
      3618.3603587555604,
      739.7848640168435,
      3619.9624504654953,
      3624.612527538093,
      1020.9652957032409,
      523.605336551506,
      3621.499170150379,
      3615.38721155004,
      729.777480314676,
      1003.7144257178022,
      3630.606041378043,
      3624.8633657741016,
      3627.4196170784703
    ]
  },
  "always_backup_clean": {
    "mean_return": 2693.5323665537408,
    "std_return": 947.9646642007841,
    "mean_allow_perf": 0.0,
    "mean_R_exec": NaN,
    "n_fell": 20,
    "fall_rate": 0.6666666666666666,
    "returns": [
      1963.9724393951183,
      1269.3736692185691,
      3709.911606271914,
      3658.555211695449,
      2953.963552883869,
      1273.5902774138867,
      1260.1300462446977,
      3762.0092837579987,
      3394.2527836501886,
      1447.875919957283,
      3676.879725186784,
      3652.998617874344,
      1652.697688559987,
      2213.1486922153504,
      2177.4915260700295,
      2069.7219449631752,
      1425.4656687793192,
      3071.32890033171,
      3013.359037661388,
      3669.4350832271357,
      3711.0088594525423,
      3383.0878970242056,
      2411.3873826868416,
      2032.7343935643478,
      3567.663792868776,
      1684.3807363953879,
      3709.8401036968853,
      3704.828051607853,
      3777.891882711194,
      1506.9862212460023
    ]
  },
  "always_backup_attacked": {
    "mean_return": 2375.4158299848546,
    "std_return": 886.2999099441265,
    "mean_allow_perf": 0.0,
    "mean_R_exec": NaN,
    "n_fell": 24,
    "fall_rate": 0.8,
    "returns": [
      3294.392060089947,
      3656.070376325213,
      3287.2294104389375,
      1899.6731792336748,
      2063.549649599524,
      2855.4584389104084,
      2623.263998435208,
      1415.7685677185616,
      1584.8202478018047,
      1565.8606592714643,
      1933.4097169336378,
      1137.9892975108785,
      2365.5300653072386,
      2171.776187703839,
      1280.7579820928722,
      2428.995457591308,
      2963.4506428953264,
      1722.9552730782195,
      1470.8081319213877,
      2790.5818384011727,
      3687.1260774084244,
      3674.2614083262383,
      3735.5741979704485,
      1829.8915519526345,
      1528.7642930384159,
      1116.3090977229617,
      1268.7098937474598,
      3727.4745658642883,
      2471.675273458268,
      3710.3473587958747
    ]
  },
  "anytime_gp_clean": {
    "mean_return": 3577.142547445831,
    "std_return": 220.63645079870642,
    "mean_allow_perf": 0.8962488670738514,
    "mean_R_exec": 0.3158071054670104,
    "n_fell": 3,
    "fall_rate": 0.1,
    "returns": [
      3620.9797293381375,
      3631.29726493935,
      3632.623295923991,
      3626.360366946419,
      3661.058427988835,
      3657.743988704715,
      2549.2989129193043,
      3622.689298966433,
      3632.675540873867,
      3019.7035335420837,
      3637.315134314239,
      3624.6777883753343,
      3636.388989653593,
      3628.4547918296516,
      3619.601293399186,
      3631.903942677067,
      3635.587933484765,
      3658.6402905335367,
      3634.6659188167732,
      3640.482967388922,
      3632.661932829583,
      3639.6501264632734,
      3634.9097273526304,
      3627.913144025875,
      3612.2776010194375,
      3640.982841046384,
      3633.126974525946,
      3640.2841424580242,
      3622.9089972078855,
      3627.411525829702
    ]
  },
  "anytime_gp_attacked": {
    "mean_return": 3634.5981295359684,
    "std_return": 20.06958716706327,
    "mean_allow_perf": 0.8989326599326601,
    "mean_R_exec": 0.364801645329072,
    "n_fell": 1,
    "fall_rate": 0.03333333333333333,
    "returns": [
      3645.011322791513,
      3615.937323206744,
      3629.55650817606,
      3615.007865986533,
      3634.129929640344,
      3605.936948206196,
      3636.5523510325825,
      3631.7372931195055,
      3626.7095210016214,
      3635.88428605906,
      3649.8033514243566,
      3637.7957039706325,
      3636.1950780751517,
      3727.7715628236447,
      3642.538514634564,
      3648.240365687031,
      3636.093728297179,
      3622.7163185743652,
      3639.4794686703326,
      3629.3325849302855,
      3631.9178447470426,
      3629.366369508038,
      3629.1854116024488,
      3636.3338712542354,
      3606.521403029426,
      3634.2600317453644,
      3630.567796719228,
      3630.2964459814043,
      3626.949537445676,
      3636.115147738475
    ]
  },
  "adaptive_gp_clean": {
    "mean_return": 3600.735290719983,
    "std_return": 147.14745041109754,
    "mean_allow_perf": 0.890471632844061,
    "mean_R_exec": 0.43980539154076104,
    "n_fell": 2,
    "fall_rate": 0.06666666666666667,
    "returns": [
      3626.188352444269,
      3633.178238514017,
      3413.7730256274263,
      3642.0199546254967,
      3657.409948499459,
      3629.532010830517,
      3630.136337306669,
      3627.088440420122,
      3642.9193078466697,
      3635.60660231652,
      3643.7217904610097,
      3626.851675309066,
      3633.1824971719466,
      3622.039610888489,
      3613.999999545803,
      3613.2216832532204,
      3644.358809533131,
      3629.224790959666,
      3639.7199250899776,
      3666.987955858047,
      3636.542887687215,
      3640.649264497767,
      3615.6487841804233,
      3627.2593329636497,
      3625.932643804985,
      3655.2881335488773,
      3626.4397157071357,
      3647.7264521084708,
      3635.0469372031275,
      2840.3636133963196
    ]
  },
  "adaptive_gp_attacked": {
    "mean_return": 3474.0074095258033,
    "std_return": 410.4302998828263,
    "mean_allow_perf": 0.8834890822110258,
    "mean_R_exec": 0.4436231774096973,
    "n_fell": 5,
    "fall_rate": 0.16666666666666666,