{
  "always_perf_clean": {
    "mean_return": 3584.0757919035823,
    "std_return": 227.93641146494352,
    "mean_allow_perf": 1.0,
    "mean_R_exec": NaN,
    "n_fell": 1,
    "fall_rate": 0.03333333333333333,
    "returns": [
      3620.1192156922593,
      3641.2400483104816,
      3621.8526291639146,
      3623.5489278681052,
      3615.706357201394,
      3609.3542297009067,
      3616.8218790045366,
      3614.0087141579456,
      3628.446122833112,
      3626.776720708417,
      3628.480096014088,
      3637.2165479511336,
      3675.10803877871,
      3628.171123452451,
      3628.5444716592324,
      3624.9464989199287,
      3626.7814729135916,
      2358.125749378341,
      3622.6302786458623,
      3630.7755731321345,
      3616.2946668377085,
      3627.0728640327884,
      3629.3170598067886,
      3623.7598144578997,
      3619.1368465698433,
      3620.9434462218355,
      3636.4370175025674,
      3627.975611714619,
      3617.1179543300773,
      3625.563780146775
    ]
  },
  "always_perf_attacked": {
    "mean_return": 1625.2454322621163,
    "std_return": 1341.6884739441728,
    "mean_allow_perf": 1.0,
    "mean_R_exec": NaN,
    "n_fell": 21,
    "fall_rate": 0.7,
    "returns": [
      685.7056500798636,
      3627.6010860119695,
      650.1496544685943,
      3618.505133734786,
      3622.645774622773,
      809.3236486465227,
      3643.5891227777006,
      1470.0190243856966,
      3631.3598648798998,
      1211.0284087240168,
      1284.144795838465,
      3625.0209079071547,
      549.4386606561084,
      390.04208993402034,
      692.9844543354543,
      694.0081189381395,
      401.6066417144474,
      3610.4086295623215,
      439.36281363875014,
      719.2970832475645,
      384.79742207428757,
      3629.5351313077113,
      3615.024254294386,
      405.0733709266969,
      683.0091654055848,
      1481.3590298417857,
      706.0440404698919,
      595.9271233902853,
      1316.3275409505236,
      564.0243250980939
    ]
  },
  "always_backup_clean": {
    "mean_return": 2513.5446417242706,
    "std_return": 946.4076733456415,
    "mean_allow_perf": 0.0,
    "mean_R_exec": NaN,
    "n_fell": 22,
    "fall_rate": 0.7333333333333333,
    "returns": [
      2979.103275626804,
      2372.855805207863,
      3706.424216274386,
      1650.6848016243355,
      2385.0672052197674,
      1231.8864871313224,
      1664.3596932117882,
      1861.3831998978462,
      3710.7567638907876,
      3756.442881904198,
      1337.02800818604,
      2701.3926058854145,
      1803.5004496379172,
      3756.6822784092615,
      2381.032806833088,
      3747.3925376968386,
      2080.5141390716108,
      2734.2614674433216,
      1358.2936906961954,
      1281.450612956424,
      1447.2204473514596,
      3737.6091208404882,
      1459.8628276792217,
      2822.8476969423273,
      1870.3039735920383,
      3678.7621447750703,
      3713.14712760429,
      3010.2007455163102,
      3862.9571997360144,
      1302.9150408856826
    ]
  },
  "always_backup_attacked": {
    "mean_return": 2380.5633779841432,
    "std_return": 1029.0175284440677,
    "mean_allow_perf": 0.0,
    "mean_R_exec": NaN,
    "n_fell": 21,
    "fall_rate": 0.7,
    "returns": [
      3769.1564431186216,
      1376.6408497529862,
      2608.08409630341,
      2024.9315255939239,
      3689.1872271829284,
      1689.129708872879,
      1666.221596479526,
      3700.4837821759597,
      3716.944027113322,
      1693.9581120314238,
      1455.8002886177517,
      3673.256821979703,
      1721.4995378355493,
      1330.0207081325796,
      1986.4299720074764,
      3678.999359035746,
      3702.6883560167053,
      1416.072086384588,
      1169.5669121620651,
      1413.8105661091097,
      1325.9476295672685,
      3671.9034151369237,
      2613.357136701732,
      1177.1159511423834,
      1442.2088089264166,
      3327.641301714165,
      1324.1333109381712,
      3687.360262079398,
      3657.1893868294146,
      1707.16215958217
    ]
  },
  "anytime_switcher_clean": {
    "mean_return": 3619.74558351803,
    "std_return": 42.339598584480406,
    "mean_allow_perf": 0.8986383536360283,
    "mean_R_exec": 0.3146187387657051,
    "n_fell": 1,
    "fall_rate": 0.03333333333333333,
    "returns": [
      3623.494004618812,
      3634.4510366038153,
      3619.7909646814987,
      3625.485449559431,
      3617.466020659065,
      3621.776831819752,
      3629.494602100163,
      3394.9408458645553,
      3628.29082921068,
      3634.2152063542053,
      3611.4314316228415,
      3620.5775463439118,
      3632.0586987788606,
      3611.766649328934,
      3635.851810055341,
      3625.534853307865,
      3629.4120381681805,
      3627.170355322865,
      3635.5691495602664,
      3627.1149189364696,
      3633.2570659031358,
      3633.971212423915,
      3630.420077566793,
      3627.1216362769474,
      3622.676240073007,
      3619.7001400916583,
      3626.8284431747684,
      3638.0084913707246,
      3638.4135388829186,
      3636.077416879516
    ]
  },
  "anytime_switcher_attacked": {
    "mean_return": 3383.2638024877206,
    "std_return": 721.5328388078977,
    "mean_allow_perf": 0.8786040104174577,
    "mean_R_exec": 0.27689973346036595,
    "n_fell": 4,
    "fall_rate": 0.13333333333333333,
    "returns": [
      3640.862333815454,
      3632.432986950349,
      3626.6079776061283,
      3623.6187087593007,
      3634.188598063832,
      3624.847405366296,
      1036.480027287982,
      3644.0618686908574,
      3628.1349606250537,
      1397.9663208449513,
      3657.4763809922392,
      3638.859861325374,
      3631.735668925287,
      3627.272987309331,
      3629.2542602186227,
      3628.4471358827577,
      3615.0929634692434,
      1245.9809967920714,
      3632.442039236624,
      3637.986265393552,
      3615.3950216696376,
      3630.9487273708714,
      3629.9415796485328,
      3404.7335766254455,
      3622.001927286207,
      3628.0798233553946,
      3642.322201996047,
      3632.6303699856253,
      3633.3693734286003,
      3624.741725709931
    ]
  }
}