{
  "always_perf_clean": {
    "mean_return": 3571.847373391209,
    "std_return": 5.431368010610298,
    "mean_allow_perf": 1.0,
    "n_fell": 0,
    "fall_rate": 0.0,
    "mean_attacked_steps": 0.0,
    "returns": [
      3579.178372995553,
      3567.7990560136236,
      3571.6579213733016,
      3573.6925397625128,
      3572.1532595126887,
      3566.685896165041,
      3576.093658464508,
      3573.050346802649,
      3574.894841287269,
      3572.894661016083,
      3572.2958908161963,
      3568.3744368899947,
      3578.348260812419,
      3575.756807898897,
      3573.0795316992485,
      3569.535054171766,
      3563.9262674000515,
      3574.7023515814753,
      3574.3877841165217,
      3567.7147227123064,
      3578.817494548188,
      3550.9567073410867,
      3570.5216411623032,
      3579.192023316961,
      3568.827376858324,
      3575.544268480216,
      3574.4491924482572,
      3571.0046057765862,
      3571.601414907188,
      3568.284815405075
    ]
  },
  "always_perf_attacked": {
    "mean_return": 1161.5908740053299,
    "std_return": 849.4936314881822,
    "mean_allow_perf": 1.0,
    "n_fell": 28,
    "fall_rate": 0.9333333333333333,
    "mean_attacked_steps": 115.0,
    "returns": [
      925.3629190741927,
      944.0343686259472,
      1643.7273989922116,
      3583.291255455221,
      990.226451405927,
      1645.5737122083497,
      710.6511759941952,
      977.5740055079,
      1032.2816358733373,
      1229.8958933495808,
      698.154543405501,
      3546.7346321446516,
      691.5525911082647,
      768.3080303151538,
      716.1079020106736,
      1036.7047186085572,
      704.8647542185852,
      1035.6551125490837,
      399.7829053650279,
      667.5686325725327,
      1489.4879302605693,
      697.2520292089575,
      437.07629365246294,
      3421.1044172274947,
      1215.0554987436228,
      553.5227261486466,
      713.0082400339599,
      1334.60974086878,
      486.1057397738277,
      552.450965456678
    ]
  },
  "always_backup_clean": {
    "mean_return": 3572.41686243184,
    "std_return": 6.667515781764493,
    "mean_allow_perf": 0.0,
    "n_fell": 0,
    "fall_rate": 0.0,
    "mean_attacked_steps": 0.0,
    "returns": [
      3573.017886611773,
      3567.227030755005,
      3567.7119927841786,
      3578.2014001971756,
      3578.4306179560767,
      3574.9509458122448,
      3575.2082049595892,
      3564.637664108333,
      3568.323064013145,
      3570.9531690463937,
      3577.8950366485574,
      3573.3302604252744,
      3562.503304866769,
      3565.751049388549,
      3571.7639679188833,
      3580.315058903791,
      3575.7852635095624,
      3573.533767146084,
      3576.615346913366,
      3554.507350277979,
      3574.2909525471537,
      3570.9801135438993,
      3578.072417500554,
      3571.8629198282924,
      3556.8492428659497,
      3574.8904132755215,
      3586.493885252167,
      3577.09770273781,
      3577.426943351182,
      3573.8788998099235
    ]
  },
  "always_backup_attacked": {
    "mean_return": 3569.8652523305936,
    "std_return": 7.024135745569826,
    "mean_allow_perf": 0.0,
    "n_fell": 0,
    "fall_rate": 0.0,
    "mean_attacked_steps": 225.0,
    "returns": [
      3566.9016838664697,
      3571.4516383013774,
      3573.0474419326333,
      3568.655150120279,
      3561.8594937488247,
      3562.6589439664035,
      3580.5410407920263,
      3567.8466453149395,
      3565.2706019755983,
      3580.2238325219755,
      3573.8999760519514,
      3561.84214527282,
      3583.6423826738037,
      3557.4210738662055,
      3569.1549997948473,
      3570.8949465930914,
      3576.3551320503957,
      3564.2282614621386,
      3582.5150987316547,
      3570.8813808585774,
      3567.1096587505444,
      3560.09711285757,
      3572.372362858457,
      3563.9454523681643,
      3576.1289935170325,
      3570.156727565871,
      3570.9149496047353,
      3576.9198382514696,
      3556.1115508427224,
      3572.909053405245
    ]
  },
  "anytime_rs_clean": {
    "mean_return": 3553.010053234297,
    "std_return": 95.16212107534757,
    "mean_allow_perf": 0.8981152625152627,
    "n_fell": 1,
    "fall_rate": 0.03333333333333333,
    "mean_attacked_steps": 0.0,
    "returns": [
      3559.4871275577966,
      3558.9029513963224,
      3571.7483748694426,
      3571.4447424685636,
      3553.6148004325164,
      3567.312774956889,
      3579.917253854525,
      3042.5697176801054,
      3577.8571296636474,
      3566.112928190158,
      3560.00552868781,
      3562.844642767196,
      3557.7393026855843,
      3568.547224648183,
      3575.3698928032827,
      3571.9391325674114,
      3579.018459907576,
      3584.3767615163974,
      3573.520547403398,
      3574.1209541569556,
      3569.9653527157952,
      3567.9203787131423,
      3573.7960718246504,
      3590.0519305406124,
      3572.693625154527,
      3584.04270430581,
      3567.253245265874,
      3560.3628270113663,
      3579.0238789002715,
      3568.7413343830785
    ]
  },
  "anytime_rs_attacked": {
    "mean_return": 2999.767463841104,
    "std_return": 775.1346863303586,
    "mean_allow_perf": 0.8622882049493722,
    "n_fell": 11,
    "fall_rate": 0.36666666666666664,
    "mean_attacked_steps": 219.63333333333333,
    "returns": [
      3566.509649820794,
      3571.439784493561,
      1938.2287418323417,
      3568.44904740531,
      2252.3326043504267,
      2833.768367938339,
      3564.9904275641306,
      3550.2825457923414,
      3578.0251383926193,
      3559.129366857801,
      3569.3940378539014,
      2053.269363201859,
      3572.396266112315,
      3561.7379845142464,
      3576.4916761424547,
      3572.4839252766506,
      1935.397056129418,
      1652.4610623413812,
      3568.638747795224,
      1860.07205446476,
      3574.065266295058,
      1901.758602991092,
      3571.1463470610097,
      2341.4594922521283,
      3565.317637794319,
      3579.5615043994426,
      1766.113531125475,
      1641.6568147448274,
      3578.4026952129207,
      3568.0441750769733
    ]
  },
  "adaptive_rs_clean": {
    "mean_return": 3569.3916926637166,
    "std_return": 9.547884544193582,
    "mean_allow_perf": 0.9757999999999999,
    "n_fell": 0,
    "fall_rate": 0.0,
    "mean_attacked_steps": 0.0,
    "returns": [
      3562.962501252362,
      3553.296081461351,
      3578.214147275414,
      3557.1181896675002,
      3576.439604545198,
      3569.208439476791,
      3552.7946025530196,
      3572.77100612729,
      3569.997039538338,
      3575.652410743331,
      3582.444846267001,
      3587.124811270345,
      3547.4970397235434,
      3573.5334381265,
      3566.9745104791314,
      3571.4696650774067,
      3575.5892437455714,
      3566.5965908189783,
      3574.365279311818,
      3573.841728120478,
      3562.4348447637594,
      3587.435054338346,
      3570.230502368264,
      3564.0723692162474,
      3576.1685214043014,
      3577.9859430820875,
      3572.612140239392,
      3561.6903488879684,
      3559.8934594814345,
      3561.3364205483426
    ]
  },
  "adaptive_rs_attacked": {
    "mean_return": 2168.9755271681274,
    "std_return": 1271.1127148973299,
    "mean_allow_perf": 0.9146461251853739,
    "n_fell": 17,
    "fall_rate": 0.5666666666666667,
    "mean_attacked_steps": 162.96666666666667,