{
  "always_perf_clean": {
    "mean_return": 3572.410029344744,
    "std_return": 7.764989810720851,
    "mean_allow_perf": 1.0,
    "n_fell": 0,
    "fall_rate": 0.0,
    "mean_attacked_steps": 0.0,
    "returns": [
      3569.6063923761117,
      3570.84442015727,
      3579.3472948283857,
      3585.2469076296456,
      3566.438466937312,
      3577.4697545305953,
      3574.744647308468,
      3581.414926940566,
      3577.4578778158602,
      3571.0230460603184,
      3569.9951718479147,
      3574.478609395634,
      3579.6951185858643,
      3563.3227522379525,
      3572.5053421690363,
      3574.429440229424,
      3561.619464482484,
      3571.0788044061646,
      3562.810085855526,
      3563.7484700192954,
      3580.4250896896365,
      3585.331495832302,
      3552.584046574727,
      3574.1884323533304,
      3573.3446737332583,
      3573.8761520257167,
      3558.6021407343183,
      3584.5944668959555,
      3570.077749908183,
      3571.9996387810857
    ]
  },
  "always_perf_attacked": {
    "mean_return": 1761.6154768906747,
    "std_return": 1147.5156573631687,
    "mean_allow_perf": 1.0,
    "n_fell": 22,
    "fall_rate": 0.7333333333333333,
    "mean_attacked_steps": 75.0,
    "returns": [
      711.2835006421719,
      705.5071443888982,
      3563.4609878350816,
      1778.3027292621705,
      3587.1104302632034,
      412.41631616937457,
      1033.830831914425,
      1002.6611877464699,
      895.1422724195364,
      3563.7153275321853,
      1166.9867692491946,
      1472.6692975553426,
      3568.576855159182,
      999.4927693016142,
      3582.0375855122365,
      3581.3876800515645,
      923.7670201319303,
      1834.108392491793,
      700.1066036208194,
      1148.7837968427932,
      1643.9116625149184,
      914.807379135452,
      1029.2589744127158,
      3597.444925760922,
      3580.665910730169,
      625.8902621215251,
      1032.9852735618713,
      1198.1018949266088,
      1028.7732590970634,
      1965.2772663690225
    ]
  },
  "always_backup_clean": {
    "mean_return": 3570.4720840402983,
    "std_return": 12.946922934392965,
    "mean_allow_perf": 0.0,
    "n_fell": 0,
    "fall_rate": 0.0,
    "mean_attacked_steps": 0.0,
    "returns": [
      3559.674631878344,
      3566.611857102763,
      3563.1092876911707,
      3573.7567148382354,
      3567.8219937523922,
      3570.098794436829,
      3561.380466013428,
      3562.0005839832074,
      3590.738704491465,
      3561.7096066255276,
      3569.254909020853,
      3624.8605809648298,
      3570.207644955658,
      3571.950190466718,
      3569.042942930205,
      3568.3453472808205,
      3583.370633767484,
      3576.885803650726,
      3565.8001943984027,
      3557.5495376317726,
      3558.514514442134,
      3562.3992222260176,
      3564.438555584133,
      3563.2716885022096,
      3566.6860812177642,
      3556.564734115521,
      3586.6552439972547,
      3576.9498313488925,
      3573.6676158354667,
      3570.844608058725
    ]
  },
  "always_backup_attacked": {
    "mean_return": 3550.6751342277357,
    "std_return": 106.50869126885016,
    "mean_allow_perf": 0.0,
    "n_fell": 1,
    "fall_rate": 0.03333333333333333,
    "mean_attacked_steps": 75.0,
    "returns": [
      3559.847535256827,
      3565.095941922123,
      3573.6014832806736,
      3569.7000062649504,
      3569.4198872502507,
      3567.9653155184014,
      3571.506595916565,
      3573.3595628468197,
      3561.4935847533948,
      3577.1925625085305,
      3572.3855502698552,
      3566.706718224063,
      3566.0204110365653,
      3570.2083061942494,
      3581.3284873576968,
      3573.427141477051,
      3568.125931011655,
      3569.1536736136804,
      3568.568214111902,
      3577.4904522598963,
      3571.5499040167906,
      3567.6761915151405,
      2977.744352047704,
      3579.043117480063,
      3568.6659111882705,
      3565.455519315894,
      3579.7005774847025,
      3573.9371497188677,
      3565.8714681327424,
      3568.0124748567528
    ]
  },
  "anytime_rs_clean": {
    "mean_return": 3557.232970662629,
    "std_return": 77.03632161759465,
    "mean_allow_perf": 0.8982818466353678,
    "n_fell": 1,
    "fall_rate": 0.03333333333333333,
    "mean_attacked_steps": 0.0,
    "returns": [
      3582.7105484694043,
      3566.1883401400987,
      3571.1572241476006,
      3583.581908531446,
      3577.1314310458824,
      3586.108451056875,
      3575.685262280788,
      3552.9533016578857,
      3567.091774316633,
      3563.0810761853477,
      3571.768102744968,
      3548.7602466441326,
      3144.972852701185,
      3567.0957087760535,
      3570.7615870426316,
      3572.171814263301,
      3580.5806521328477,
      3568.6164464880585,
      3578.4932405566965,
      3563.150118013175,
      3579.8077709041067,
      3560.6349238181165,
      3573.8133047093766,
      3572.4840383027986,
      3580.564115884863,
      3565.174443567152,
      3564.7451732686613,
      3580.0043200533037,
      3569.9483622613434,
      3577.752579914149
    ]
  },
  "anytime_rs_attacked": {
    "mean_return": 3325.4251248713613,
    "std_return": 643.060897486265,
    "mean_allow_perf": 0.8781109108779189,
    "n_fell": 4,
    "fall_rate": 0.13333333333333333,
    "mean_attacked_steps": 75.0,
    "returns": [
      3581.994128485404,
      1897.4915377399655,
      1312.1886554638613,
      3591.527121083084,
      3570.7707404243174,
      3570.0723142935753,
      3579.6236310212253,
      3561.377703777343,
      3578.4152790040657,
      3579.7082910729014,
      3615.078934071022,
      3584.8170098590094,
      3574.2963056071258,
      3577.314178001639,
      3557.672243672366,
      1958.2469610070398,
      3576.601345330635,
      3567.3019570849265,
      3570.788213218395,
      3571.66501682352,
      3561.453116054717,
      3574.840090995213,
      3563.556184436016,
      3559.49017989106,
      3582.0287117308803,
      3567.0596732332547,
      3570.103864857283,
      3569.2851309848875,
      3592.357651409701,
      1645.6275755064012
    ]
  },
  "adaptive_rs_clean": {
    "mean_return": 3564.1857860984014,
    "std_return": 52.06054697606955,
    "mean_allow_perf": 0.9769405813514533,
    "n_fell": 1,
    "fall_rate": 0.03333333333333333,
    "mean_attacked_steps": 0.0,
    "returns": [
      3570.2105074877554,
      3563.48011703721,
      3576.3701096189584,
      3580.3982090119885,
      3579.454409665848,
      3637.6124466219508,
      3573.596297980818,
      3569.5170618570037,
      3583.38080563944,
      3565.0847154142434,
      3571.22349745705,
      3293.679766408018,
      3574.1681730276823,
      3574.6778059374888,
      3576.940273963384,
      3577.7570472961993,
      3561.70337267188,
      3566.606970583205,
      3559.490701773399,
      3576.635747968167,
      3580.496747793648,
      3557.3191049005854,
      3578.7444654813867,
      3574.0354974098577,
      3567.3233307549376,
      3571.1462869936972,
      3568.4555839531795,
      3559.5633509890417,
      3572.0108477783233,
      3564.4903294756964
    ]
  },
  "adaptive_rs_attacked": {
    "mean_return": 2584.500548178988,
    "std_return": 1176.4826554368087,
    "mean_allow_perf": 0.9406547136181906,
    "n_fell": 13,
    "fall_rate": 0.43333333333333335,
    "mean_attacked_steps": 75.0,