{
  "always_perf_clean": {
    "mean_return": 4590.3604493014145,
    "std_return": 221.81329027262717,
    "mean_allow_perf": 1.0,
    "mean_R_exec": NaN,
    "n_fell": 1,
    "fall_rate": 0.03333333333333333,
    "returns": [
      4631.784671259291,
      4629.272810834091,
      4634.964144008199,
      4654.948950377528,
      3400.9372740791837,
      4660.176307844439,
      4622.282145182173,
      4645.906249837864,
      4624.828518423002,
      4657.349147615622,
      4618.047127431725,
      4601.386228073954,
      4628.472607982274,
      4629.482025722862,
      4618.8783377231875,
      4627.92908715471,
      4601.8640467086225,
      4659.425955120502,
      4694.110702029488,
      4612.3456067287025,
      4646.151480186581,
      4636.188731419041,
      4599.924278978599,
      4631.056173640115,
      4620.434264446701,
      4655.724106857653,
      4612.269793706147,
      4619.729575565259,
      4623.198029319673,
      4611.745100785251
    ]
  },
  "always_perf_attacked": {
    "mean_return": 3996.3337723188165,
    "std_return": 1281.0432639618286,
    "mean_allow_perf": 1.0,
    "mean_R_exec": NaN,
    "n_fell": 7,
    "fall_rate": 0.23333333333333334,
    "returns": [
      4674.508916510005,
      4625.894406891476,
      4592.50991564666,
      4620.7264809314,
      4647.309961349757,
      4626.326202285465,
      1120.3986990012115,
      4611.522662005522,
      4640.431920982564,
      4631.320270948386,
      4662.253473807149,
      4640.574334942336,
      4644.656662700534,
      4619.655348755967,
      4670.7381340633565,
      4690.319325292318,
      4654.518504667935,
      3800.0656251605765,
      4599.82824794411,
      4693.187999231014,
      1170.9405302284624,
      4616.7958265617035,
      3330.3119524402236,
      1301.1348574441977,
      1157.0460267210815,
      1246.000499803632,
      4612.562957295293,
      4707.837759609784,
      4628.434978554846,
      4652.200687787526
    ]
  },
  "always_backup_clean": {
    "mean_return": 3605.5107307779626,
    "std_return": 758.3508239528884,
    "mean_allow_perf": 0.0,
    "mean_R_exec": NaN,
    "n_fell": 8,
    "fall_rate": 0.26666666666666666,
    "returns": [
      4034.6608657699912,
      4026.812925455337,
      4079.0722782591597,
      2329.5113123573747,
      3940.700018966525,
      4011.114947891884,
      3960.5050419317536,
      2201.9071318906335,
      3948.373462589175,
      2468.4899168885086,
      4065.5810563375117,
      2227.806029229688,
      4091.758081319794,
      4048.1265626410623,
      4030.5382909370683,
      2685.3178518792256,
      4047.0017823712856,
      4022.092866485899,
      3378.0387693902844,
      2579.274378755915,
      4051.455080792252,
      4078.040591990453,
      4103.250091638405,
      3995.766510487657,
      1510.9234356972395,
      4088.753026112008,
      4066.560118822197,
      4065.669040223555,
      4089.4113218370103,
      3938.809134390033
    ]
  },
  "always_backup_attacked": {
    "mean_return": 3523.47848334115,
    "std_return": 885.5550917588447,
    "mean_allow_perf": 0.0,
    "mean_R_exec": NaN,
    "n_fell": 9,
    "fall_rate": 0.3,
    "returns": [
      1760.7241982832384,
      3849.8687117603363,
      3860.4627947000567,
      4053.08467856646,
      1219.5571791445423,
      4028.26892309779,
      4030.3535396139755,
      4000.66478853343,
      4046.291373510565,
      4010.633078499783,
      4031.711452421258,
      4071.5629110705804,
      3405.9430284688183,
      1645.2516482102885,
      1530.0890541069937,
      3976.602116022862,
      3229.549510323223,
      4126.728053191573,
      3988.1131494673295,
      3540.88640583844,
      3952.8163350061977,
      4026.7696994451476,
      3946.192875641544,
      4023.0886889020717,
      3989.2172143306616,
      1925.1159613316727,
      4008.859199217209,
      4047.9999422421865,
      3363.8221159603036,
      4014.125873325972
    ]
  },
  "anytime_gp_clean": {
    "mean_return": 2376.3778458557567,
    "std_return": 1855.1463822414248,
    "mean_allow_perf": 0.6887610336421557,
    "mean_R_exec": 0.3143149101432589,
    "n_fell": 18,
    "fall_rate": 0.6,
    "returns": [
      418.0667333340968,
      4578.032705933478,
      551.9506465909924,
      771.2167536232096,
      4622.750099035525,
      773.3933497909522,
      1248.292460297895,
      740.3261264386704,
      754.7865667478108,
      4539.252037569458,
      800.668401318539,
      4632.646661823042,
      1354.9747412049467,
      4640.2261678624545,
      742.4234780892216,
      4628.186860226373,
      4662.37428266301,
      1331.952464280475,
      4621.157964956509,
      1871.0084060020258,
      748.2454577488062,
      4658.126669861291,
      756.1217889275058,
      690.8556935564637,
      480.04638845628455,
      568.3359630974122,
      4722.189331215009,
      4589.277348205453,
      4564.998684513536,
      1229.451142302254
    ]
  },
  "anytime_gp_attacked": {
    "mean_return": 2265.7996466912705,
    "std_return": 1796.400867276909,
    "mean_allow_perf": 0.6796080511452732,
    "mean_R_exec": 0.3225301953683628,
    "n_fell": 18,
    "fall_rate": 0.6,
    "returns": [
      4636.183300648711,
      4579.592728695954,
      689.9267803627605,
      1464.69520538231,
      4095.1840880813456,
      4617.723160812391,
      899.3566870471701,
      775.0236658616029,
      4640.317030326801,
      927.4843971502282,
      685.1089742729424,
      4296.963399414913,
      774.2058534404839,
      703.0330645475767,
      800.4983649639153,
      4525.264125962746,
      1213.5292434124442,
      4662.707839045472,
      542.7070829548677,
      993.3651291561405,
      577.5304684238416,
      426.5164902626386,
      591.9791728506275,
      601.4202863971383,
      4675.833372955595,
      1514.7634930480383,
      3875.4674342878384,
      3987.73444501701,
      553.4681428335514,
      4646.405973121043
    ]
  },
  "adaptive_gp_clean": {
    "mean_return": 4172.265375092925,
    "std_return": 1115.960574254827,
    "mean_allow_perf": 0.968613400959237,
    "mean_R_exec": 0.32577001165950287,
    "n_fell": 4,
    "fall_rate": 0.13333333333333333,
    "returns": [
      4568.425033858739,
      4634.6707797558065,
      4550.214160737684,
      4546.704932635877,
      4655.903309130198,
      4349.285271989831,
      1667.7727590681577,
      940.3929213491377,
      4645.0850223249245,
      4678.765944881006,
      4621.540857173803,
      4621.850413079212,
      4653.435737117994,
      4540.252404260056,
      4635.919390565157,
      4649.830221464857,
      4594.5500793646925,
      4681.993982014626,
      1251.6797120181855,
      4649.521302949352,
      4558.686567451012,
      4694.661939866691,
      4585.735336001934,
      4679.440857727007,
      4641.984466161279,
      4635.8417731341915,
      4394.0235885949305,
      4646.906733674851,
      4671.16688543884,
      1521.7188689977015
    ]
  },
  "adaptive_gp_attacked": {
    "mean_return": 4327.16569318439,
    "std_return": 936.564447273576,
    "mean_allow_perf": 0.9773656671664168,
    "mean_R_exec": 0.29294512249829585,
    "n_fell": 2,
    "fall_rate": 0.06666666666666667,